Chemical Name,Chemical Abbreviation,Molecular Weight (g/mol),Density            (g/mL),InChI=,InChI Key (ID),Chemical Category,Canonical SMILES String,Molecular Formula,PubChem ID,ECL Chemical id,ECL Product id,Catalog description,Synonyms,Catalog number,Sigma-Aldrich URL,Primary Information Source
Gamma-Butyrolactone,GBL,86.09,1.12,InChI=1S/C4H6O2/c5-4-2-1-3-6-4/h1-3H2,YEJRWHAVMIAJKC-UHFFFAOYSA-N,solvent,C1CC(=O)OC1,C4H6O2,,"Model[Sample, Chemical, ""id:N80DNjlYwwAo""]","Object[Product, ""id:lYq9jRxzx1O4""]",,,Spectrum 1Kg bottle,,(note: there is also a 3Kg bottle version: product ID id:jLq9jXvYvnwz)
Dimethyl sulfoxide,DMSO,78.13,1.1,InChI=1S/C2H6OS/c1-4(2)3/h1-2H3,IAZDPXIOMUYVGZ-UHFFFAOYSA-N,solvent,CS(=O)C,C2H6OS,,"Model[Sample, Chemical, ""Dimethyl sulfoxide""]",,,,,,
Formic Acid,FAH,46.03,1.22,"InChI=1S/CH2O2/c2-1-3/h1H,(H,2,3)",BDAGIHXWWSANSR-UHFFFAOYSA-N,"acid,solvent",C(=O)O,CH2O2,,"Model[Sample, Chemical, ""id:n0k9mG8z6JY4""]","Object[Product, ""id:xRO9n3Bv6M6O""]","Formic acid, reagent grade, 1L",,Sigma:F0507-1L,,
Lead Diiodide,PbI2,461.01,6.16,InChI=1S/2HI.Pb/h2*1H;/q;;+2/p-2,RQQRAHKHDFPBMC-UHFFFAOYSA-L,inorganic,I[Pb]I,PbI2,,"Model[Sample, Chemical, ""id:1ZA60vLr1Yqa""]","Object[Product, ""id:eGakldJ4Ap5G""]","Lead(II) iodide 99%, 50g",,Sigma:211168-50G,,
Ethylammonium Iodide,EtNH3I,173,2.053408,"InChI=1S/C2H7N.HI/c1-2-3;/h2-3H2,1H3;1H",XFYICZOIWSBQSK-UHFFFAOYSA-N,organic,CC[NH3+].[I-],C2H8IN,57461411,"Model[Sample, Chemical, ""id:J8AY5jDwdMR9""]","Object[Product, ""id:01G6nvwk5EXK""]","Ethylammonium Iodide 98%, 25g",,Sigma:805823-25G,,
Methylammonium iodide,MeNH3I,158.97,2.341498,"InChI=1S/CH5N.HI/c1-2;/h2H2,1H3;1H",LLWRXQXPJMPHLR-UHFFFAOYSA-N,organic,C[NH3+].[I-],CH6IN,SID329769003,"Model[Sample, Chemical, ""id:kEJ9mqRJ6NP8""]","Object[Product, ""id:P5ZnEjdZqJ8r""]",Methylammonium iodide,"Methylammonium iodide, ""Methanamine hydroiodide"", ""Methanaminium \",Sigma: 806390-25G,https://www.sigmaaldrich.com/catalog/product/aldrich/806390?lang=en&region=US,PubChem
Phenethylammonium iodide ,PhEtNH3I,249.1,1.630204,"InChI=1S/C8H11N.HI/c9-7-6-8-4-2-1-3-5-8;/h1-5H,6-7,9H2;1H",UPHCENSIMPJEIS-UHFFFAOYSA-N,organic,C1=CC=C(C=C1)CC[NH3+].[I-],C8H12IN,SID329768971,"Model[Sample, Chemical, ""id:WNa4ZjKRrRRz""]","Object[Product, ""id:1ZA60vLwjww6""]",Phenethylammonium iodide,,Sigma:805904-25G,https://www.sigmaaldrich.com/catalog/product/aldrich/805904?lang=en&region=US,
Acetamidinium iodide,AcNH3I,185.97,2.176639,"InChI=1S/C2H6N2.HI/c1-2(3)4;/h1H3,(H3,3,4);1H",GGYGJCFIYJVWIP-UHFFFAOYSA-N,organic,CC(=[NH2+])N.[I-],C2H7IN2,SID329768980,"Model[Sample, Chemical, ""id:Y0lXejMMoL4v""]","Object[Product, ""id:Z1lqpMzz8KW9""]",,,Sigma:805971-25G,,PubChem
n-Butylammonium iodide,n-BuNH3I,201.05,1.686302,"InChI=1S/C4H11N.HI/c1-2-3-4-5;/h2-5H2,1H3;1H",CALQKRVFTWDYDG-UHFFFAOYSA-N,organic,CCCC[NH3+].[I-],C4H12IN,,"Model[Sample, Chemical, ""id:O81aEBZ406oD""]","Object[Product, ""id:AEqRl9K5p4lv""]",,,Sigma: 805874-25G,https://www.sigmaaldrich.com/catalog/product/aldrich/805874,
Guanidinium iodide,GnNH3I,186.98,2.359388,"InChI=1S/CH5N3.HI/c2-1(3)4;/h(H5,2,3,4);1H",UUDRLGYROXTISK-UHFFFAOYSA-N,organic,C(=[NH2+])(N)N.[I-],CH6IN3,,"Model[Sample, Chemical, ""id:wqW9BP77nOOw""]","Object[Product, ""id:7X104vnndMM9""]",Guanidinium iodide 99%,"iodide"", ""Methylamine hydriodide"", ""Monomethylammonium iodide""",Sigma:806056-25G,https://www.sigmaaldrich.com/catalog/product/aldrich/806056?lang=en&region=US,PubChem
Dichloromethane,DCM,84.93,1.33,InChI=1S/CH2Cl2/c2-1-3/h1H2,YMWUJEATGCHHMB-UHFFFAOYSA-N,solvent,C(Cl)Cl,CH2Cl2,,,,,,,,
Dimethylammonium iodide,Me2NH2I,172.97,2.03749,"InChI=1S/C2H7N.HI/c1-3-2;/h3H,1-2H3;1H",JMXLWMIFDJCGBV-UHFFFAOYSA-N,organic,C[NH2+]C.[I-],C2H8IN,,,,,,greatcell: MS111100-100,,https://pubchem.ncbi.nlm.nih.gov/compound/12199010
Phenylammonium Iodide,PhenylammoniumIodide,221.04,1.888168,"InChI=1S/C6H7N.HI/c7-6-4-2-1-3-5-6;/h1-5H,7H2;1H",KFQARYBEAKAXIC-UHFFFAOYSA-N,organic,C1=CC=C(C=C1)[NH3+].[I-],C6H8IN,6450296,,,,,,,
t-Butylammonium Iodide,tButylammoniumIodide,201,1.681204,"InChI=1S/C4H11N.HI/c1-4(2,3)5;/h5H2,1-3H3;1H",NLJDBTZLVTWXRG-UHFFFAOYSA-N,organic,CC(C)(C)[NH3+].[I-],C4H12IN,22344722,,,,,MS106000-10; sigma: 806102-5G,https://www.sigmaaldrich.com/catalog/product/aldrich/806102?lang=en&region=US,https://pubchem.ncbi.nlm.nih.gov/compound/22344722
N-propylammonium Iodide,NPropylammoniumIodide,186.99,1.843205,"InChI=1S/C3H9N.HI/c1-2-3-4;/h2-4H2,1H3;1H",GIAPQOZCVIEHNY-UHFFFAOYSA-N,organic,[I-].[NH3+]CCC,C3H10IN,,,,,,,,
Formamidinium Iodide,FormamidiniumIodide,171.97,2.423927,"InChI=1S/CH4N2.HI/c2-1-3;/h1H,(H3,2,3);1H",QHJPGANWSLEMTI-UHFFFAOYSA-N,organic,C(=N)[NH3+].[I-],CH5IN2,,"Model[Sample, Chemical, ""id:rea9jlRR66LO""]","Object[Product, ""id:jLq9jXvv66PE""]",,,greatcell: MS-150000-100,https://www.sigmaaldrich.com/catalog/product/aldrich/806048?lang=en&region=US,PubChem
"1,4-Diazabicyclo[2,2,2]octane-1,4-diium Iodide",Dabcoiodide,368,2.1888,InChI=1S/C6H12N2.2HI/c1-2-8-5-3-7(1)4-6-8;;/h1-6H2;2*1H,WXTNTIQDYHIFEG-UHFFFAOYSA-N,organic,C1C[NH+]2CC[NH+]1CC2.[I-].[I-],C6H14I2N2,129880796,,,,,,,
4-Fluoro-Benzylammonium iodide,4FluoroBenzylammoniumIodide,253.06,1.864177,"InChI=1S/C7H8FN.HI/c8-7-3-1-6(5-9)2-4-7;/h1-4H,5,9H2;1H",LCTUISCIGMWMAT-UHFFFAOYSA-N,organic,C1(=CC=C(C=C1)F)C[NH3+].[I-],C7H9FIN,,,,,,,,
4-Fluoro-Phenethylammonium iodide,4FluoroPhenethylammoniumIodide,266.99,1.740239,"InChI=1S/C8H10FN.HI/c9-8-3-1-7(2-4-8)5-6-10;/h1-4H,5-6,10H2;1H",NOHLSFNWSBZSBW-UHFFFAOYSA-N,organic,C1(=CC=C(C=C1)F)CC[NH3+].[I-],C8H11FIN,,,,,,,,
4-Fluoro-Phenylammonium iodide,4FluoroPhenylammoniumIodide,239.03,2.014867,"InChI=1S/C6H6FN.HI/c7-5-1-3-6(8)4-2-5;/h1-4H,8H2;1H",FJFIJIDZQADKEE-UHFFFAOYSA-N,organic,C1(=CC=C(C=C1)F)[NH3+].[I-],C6H7FIN,,,,,,,,
4-Methoxy-Phenylammonium iodide,4MethoxyPhenylammoniumIodide,251.07,1.771191,"InChI=1S/C7H9NO.HI/c1-9-7-4-2-6(8)3-5-7;/h2-5H,8H2,1H3;1H",QRFXELVDJSDWHX-UHFFFAOYSA-N,organic,C1(=CC=C(C=C1)OC)[NH3+].[I-],C7H10INO,,,,,,,,
4-Trifluoromethyl-Benzylammonium iodide,4TrifluoromethylBenzylammoniumIodide,303.07,1.938294,"InChI=1S/C8H8F3N.HI/c9-8(10,11)7-3-1-6(5-12)2-4-7;/h1-4H,5,12H2;1H",SQXJHWOXNLTOOO-UHFFFAOYSA-N,organic,C1(=CC=C(C=C1)C(F)(F)F)C[NH3+].[I-],C8H9F3IN,,,,,,,,
4-Trifluoromethyl-Phenylammonium iodide,4TrifluoromethylPhenylammoniumIodide,289.04,2.074383,"InChI=1S/C7H6F3N.HI/c8-7(9,10)5-1-3-6(11)4-2-5;/h1-4H,11H2;1H",KOAGKPNEVYEZDU-UHFFFAOYSA-N,organic,C1(=CC=C(C=C1)C(F)(F)F)[NH3+].[I-],C7H7F3IN,,,,,,,,
chlorobenzene,CBz,112.56,1.11,InChI=1S/C6H5Cl/c7-6-4-2-1-3-5-6/h1-5H,MVPPADPHJFYWMZ-UHFFFAOYSA-N,solvent,C1=CC=C(C=C1)Cl,C6H5Cl,,,,,,,,
Acetamidinium bromide,ACBr,138.99,1.819847,"InChI=1S/C2H6N2.BrH/c1-2(3)4;/h1H3,(H3,3,4);1H",CWJKVUQGXKYWTR-UHFFFAOYSA-N,organic,CC(=[NH2+])N.[Br-],C2H7BrN2,44255193,,,,,,,
Benzylammonium Bromide,BnNH3Br,188.07,1.530173,"InChI=1S/C7H9N.BrH/c8-6-7-4-2-1-3-5-7;/h1-5H,6,8H2;1H",QJFMCHRSDOLMHA-UHFFFAOYSA-N,organic,C1=CC=C(C=C1)C[NH3+].[Br-],C7H10BrN,12998568,,,,,Sigma: 900885-5G,https://www.sigmaaldrich.com/catalog/product/aldrich/900885?lang=en&region=US,https://pubchem.ncbi.nlm.nih.gov/compound/12998568
Benzylammonium Iodide,BenzylammoniumIodide,235.07,1.745993,"InChI=1S/C7H9N.HI/c8-6-7-4-2-1-3-5-7;/h1-5H,6,8H2;1H",PPCHYMCMRUGLHR-UHFFFAOYSA-N,organic,C1=CC=C(C=C1)C[NH3+].[I-],C7H10IN,,"Model[Sample, Chemical, ""id:M8n3rx00woJm""]","Object[Product, ""id:WNa4ZjKK3xJV""]",Benzylammonium Iodide,,Sigma: 806196-25G,https://www.sigmaaldrich.com/catalog/product/aldrich/806196?lang=en&region=US,PubChem
Beta Alanine Hydroiodide,betaAlanineHydroiodide,217.01,2.023364,"InChI=1S/C3H7NO2.HI/c4-2-1-3(5)6;/h1-2,4H2,(H,5,6);1H",XAKAQFUGWUAPJN-UHFFFAOYSA-N,organic,[I-].[NH3+]CCC(O)=O,,,,,,,,,https://cactus.nci.nih.gov/chemical/structure/I.NCCC(O)=O/stdinchikey
Bismuth iodide,BiI3,589.69,5.78,InChI=1S/Bi.3HI/h;3*1H/q+3;;;/p-3,KOECRLKKXSXCPB-UHFFFAOYSA-K,inorganic,I[Bi](I)I,BiI3,,,,,,Sigma: 341010-100G,,https://pubchem.ncbi.nlm.nih.gov/compound/Bismuth_iodide#section=3D-Status
Cesium iodide,CsI,259.81,4.51,InChI=1S/Cs.HI/h;1H/q+1;/p-1,XQPRBTXUXXVTKB-UHFFFAOYSA-M,inorganic,[I-].[Cs+],CsI,,,,,,Sigma: 203033-10G,,https://pubchem.ncbi.nlm.nih.gov/compound/24601
Dimethylformamide,DMF,73.1,0.944,"InChI=1S/C3H7NO/c1-4(2)3-5/h3H,1-2H3",ZMXDDKWLCZADIW-UHFFFAOYSA-N,solvent,CN(C)C=O,C3H7NO,,"Model[Sample, Chemical, ""id:rea9jl1orrq3""]",,"Anhydrous DMF.  Note.  ECL maintains this as a stocked item, so we do not have to both with a product number",,,,
"Ethane-1,2-diammonium bromide",EthylenediamineDihydrobromide,221.92,2.067161,InChI=1S/C2H8N2.2BrH/c3-1-2-4;;/h1-4H2;2*1H,BCQZYUOYVLJOPE-UHFFFAOYSA-N,organic,C(C[NH3+])[NH3+].[Br-].[Br-],C2H10Br2N2,164699,,,,,greatcell: MS302002-10; sigma: 900833-25G,https://www.sigmaaldrich.com/catalog/product/aldrich/900833?lang=en&region=US,https://pubchem.ncbi.nlm.nih.gov/compound/Ethylenediamine-dihydrobromide
"Ethane-1,2-diammonium iodide",EthylenediamineDihydriodide,315.93,2.544818,InChI=1S/C2H8N2.2HI/c3-1-2-4;;/h1-4H2;2*1H,IWNWLPUNKAYUAW-UHFFFAOYSA-N,organic,C(C[NH3+])[NH3+].[I-].[I-],C2H10I2N2,,"Model[Sample, Chemical, ""id:Vrbp1jKKWxpo""]","Object[Product, ""id:XnlV5jKK6xVz""]",,,Sigma: 900852-25G,https://www.sigmaaldrich.com/catalog/product/aldrich/900852?lang=en&region=US,https://pubchem.ncbi.nlm.nih.gov/compound/5700-49-2#section=Names-and-Identifiers
Ethylammonium bromide,EtNH3Br,126,1.671914,"InChI=1S/C2H7N.BrH/c1-2-3;/h2-3H2,1H3;1H",PNZDZRMOBIIQTC-UHFFFAOYSA-N,organic,CC[NH3+].[Br-],C2H8BrN,,,,,,Sigma: 900868-10G,https://www.sigmaaldrich.com/catalog/product/aldrich/900868?lang=en&region=US,https://pubchem.ncbi.nlm.nih.gov/compound/68974
Formamidinium bromide,FABr,124.97,2.005249,"InChI=1S/CH4N2.BrH/c2-1-3;/h1H,(H3,2,3);1H",QWANGZFTSGZRPZ-UHFFFAOYSA-N,organic,C(=[NH2+])N.[Br-],CH5BrN2,89907631,,,,,Sigma: 900835-25G; GreatCellSolar: CAS RN: 146958-06-7,https://www.sigmaaldrich.com/catalog/product/aldrich/900835?lang=en&region=US,
Guanidinium bromide,GnNH3Br,139.98,1.999305,"InChI=1S/CH5N3.BrH/c2-1(3)4;/h(H5,2,3,4);1H",VQNVZLDDLJBKNS-UHFFFAOYSA-N,organic,C(=[NH2+])(N)N.[Br-],CH6BrN3,129656112,,,,,Sigma: 900839-10G,https://www.sigmaaldrich.com/catalog/product/aldrich/900839?lang=en&region=US,https://pubchem.ncbi.nlm.nih.gov/compound/71282
i-Propylammonium iodide,iPropylammoniumIodide,187.02,1.841935,"InChI=1S/C3H9N.HI/c1-3(2)4;/h3H,4H2,1-2H3;1H",VMLAEGAAHIIWJX-UHFFFAOYSA-N,organic,CC(C)[NH3+].[I-],C3H10IN,,"Model[Sample, Chemical, ""id:54n6evLLZMBN""]","Object[Product, ""id:n0k9mG88nWNw""]",,,greatcell: MS104000-100,https://www.sigmaaldrich.com/catalog/product/aldrich/805882?lang=en&region=US,https://pubchem.ncbi.nlm.nih.gov/compound/91972165#section=Top
Imidazolium Iodide,ImidazoliumIodide,195.99,2.34327,"InChI=1S/C3H4N2.HI/c1-2-5-3-4-1;/h1-3H,(H,4,5);1H",JBOIAZWJIACNJF-UHFFFAOYSA-N,organic,C1=CN=C[NH2+]1.[I-],C3H5IN2,,,,,,greatcell: MS-170000-100,,PubChem
iso-Butylammonium bromide,iButylammoniumBromide,154.05,1.414965,"InChI=1S/C4H11N.BrH/c1-4(2)3-5;/h4H,3,5H2,1-2H3;1H",RFYSBVUZWGEPBE-UHFFFAOYSA-N,organic,CC(C)C[NH3+].[Br-],C4H12BrN,89264112,,,,,greatcell: MS307000-10; sigma: 900869-10G,https://www.sigmaaldrich.com/catalog/product/aldrich/900869?lang=en&region=US,https://pubchem.ncbi.nlm.nih.gov/compound/89264112
iso-Butylammonium iodide,iButylammoniumIodide,201.05,1.682582,"InChI=1S/C4H11N.HI/c1-4(2)3-5;/h4H,3,5H2,1-2H3;1H",FCTHQYIDLRRROX-UHFFFAOYSA-N,organic,[I-].CC(C)C[NH3+],C4H12IN,,,,,,greatcell: MS107000-100,,https://cactus.nci.nih.gov/chemical/structure
iso-Pentylammonium iodide,IPentylammoniumIodide,215.02,1.55959,"InChI=1S/C5H13N.HI/c1-5(2)3-4-6;/h5H,3-4,6H2,1-2H3;1H",UZHWWTHDRVLCJU-UHFFFAOYSA-N,organic,CC(CC[NH3+])C.[I-],C5H14IN,,,,,,,,
Lead(II) acetate trihydrate,LeadAcetate,379.33,2.55,"InChI=1S/2C2H4O2.3H2O.Pb/c2*1-2(3)4;;;;/h2*1H3,(H,3,4);3*1H2;/q;;;;;+2/p-2",MCEUZMYFCCOOQO-UHFFFAOYSA-L,inorganic,CC(=O)O[Pb]OC(=O)C.O.O.O,C4H12O7Pb,16693916,"Model[Sample, Chemical, ""id:o1k9jAGo4GvG""]","Object[Product, ""id:zGj91a7kr7nj""]",,,Sigma: 467863-50G,https://www.sigmaaldrich.com/catalog/product/aldrich/467863?lang=en&\region=US,
Lead(II) bromide,PbBr2,367.01,6.66,InChI=1S/2BrH.Pb/h2*1H;/q;;+2/p-2,ZASWJUOMEGBQCQ-UHFFFAOYSA-L,inorganic,Br[Pb]Br,PbBr2,,"Model[Sample,Chemical,id:jLq9jXvO4rGZ]",,"Object[Product,id:7X104vn698bk]",,Sigma: 211141-100G,,https://www.sigmaaldrich.com/catalog/product/aldrich/211141?lang=en&\region=US
Methylammonium bromide,Methylammoniumbromide,111.97,1.883462,"InChI=1S/CH5N.BrH/c1-2;/h2H2,1H3;1H",ISWNAMNOYHCTSB-UHFFFAOYSA-N,organic,C[NH3+].[Br-],CH6BrN,,"Model[Sample, Chemical, ""id:7X104vn69PWk""]","Object[Product, ""id:N80DNj1vYkRA""]",Methylammonium bromide,,Sigma: 806498-25G,https://www.sigmaaldrich.com/catalog/product/aldrich/806498?lang=en&region=US,
Morpholinium Iodide,MorpholiniumIodide,215.03,1.896504,"InChI=1S/C4H9NO.HI/c1-3-6-4-2-5-1;/h5H,1-4H2;1H",VAWHFUNJDMQUSB-UHFFFAOYSA-N,organic,C1COCC[NH2+]1.[I-],C4H10INO,12196071,,,,,MS110640-10,,https://pubchem.ncbi.nlm.nih.gov/compound/Morpholinium-iodide
n-Dodecylammonium bromide,nDodecylammoniumBromide,266.26,1.064263,"InChI=1S/C12H27N.BrH/c1-2-3-4-5-6-7-8-9-10-11-12-13;/h2-13H2,1H3;1H",VZXFEELLBDNLAL-UHFFFAOYSA-N,organic,CCCCCCCCCCCC[NH3+].[Br-],C12H28BrN,21872287,,,,,greatcell: MS300880,,https://pubchem.ncbi.nlm.nih.gov/compound/21872287#section=InChI
n-Dodecylammonium iodide,nDodecylammoniumIodide,313.26,1.128466,"InChI=1S/C12H27N.HI/c1-2-3-4-5-6-7-8-9-10-11-12-13;/h2-13H2,1H3;1H",PXWSKGXEHZHFJA-UHFFFAOYSA-N,organic,[I-].CCCCCCCCCCCC[NH3+],C12H28IN,,,,,,greatcell: MS100880-100,,https://cactus.nci.nih.gov/chemical/structure
n-Hexylammonium iodide,nHexylammoniumIodide,229.11,1.464001,"InChI=1S/C6H15N.HI/c1-2-3-4-5-6-7;/h2-7H2,1H3;1H",VNAAUNTYIONOHR-UHFFFAOYSA-N,organic,CCCCCC[NH3+].[I-],C6H16IN,,,,,,,,
n-Octylammonium Iodide,nOctylammoniumIodide,257.16,1.31499,"InChI=1S/C8H19N.HI/c1-2-3-4-5-6-7-8-9;/h2-9H2,1H3;1H",HBZSVMFYMAOGRS-UHFFFAOYSA-N,organic,CCCCCCCC[NH3+].[I-],C8H20IN,22461615,,,,Octyalazanium,MS105500-10,,https://pubchem.ncbi.nlm.nih.gov/compound/22461615
neo-Pentylammonium bromide,neoPentylammoniumBromide,168.08,1.330429,"InChI=1S/C5H13N.BrH/c1-5(2,3)4-6;/h4,6H2,1-3H3;1H",FEUPHURYMJEUIH-UHFFFAOYSA-N,organic,CC(C)(C)C[NH3+].[Br-],C5H14BrN,87350950,,,,"2,2-Dimethylpropylazanium;bromide",greatcell: MS300740-10,,https://pubchem.ncbi.nlm.nih.gov/compound/87350950
neo-Pentylammonium iodide,neoPentylammoniumIodide,215.02,1.555659,"InChI=1S/C5H13N.HI/c1-5(2,3)4-6;/h4,6H2,1-3H3;1H",CQWGDVVCKBJLNX-UHFFFAOYSA-N,organic,[I-].CC(C)(C)C[NH3+],C5H14IN,,,,,,greatcell: MS100740-100,,https://cactus.nci.nih.gov/chemical/structure
Phenethylammonium bromide,C8H12BrN,202.09,1.446421,"InChI=1S/C8H11N.BrH/c9-7-6-8-4-2-1-3-5-8;/h1-5H,6-7,9H2;1H",IRAGENYJMTVCCV-UHFFFAOYSA-N,organic,c1ccc(cc1)CC[NH3+].[Br-],C8H12BrN,70441016,,,,,Sigma: 900829-10G,https://www.sigmaaldrich.com/catalog/product/aldrich/900829?lang=en&region=US,https://pubchem.ncbi.nlm.nih.gov/compound/70441016
"Piperazine-1,4-diium bromide",PiperazinediiumDiBromide,247.96,1.936635,"InChI=1S/C4H10N2.2BrH/c1-2-6-4-3-5-1;;/h5-6H,1-4H2;2*1H",UXWKNNJFYZFNDI-UHFFFAOYSA-N,organic,C1C[NH2+]CC[NH2+]1.[Br-].[Br-],C4H12Br2N2,,,,,,greatcell: MS319500,,
"Piperazine-1,4-diium iodide",PiperazinediiumDiodide,341.96,2.352982,"InChI=1S/C4H10N2.2HI/c1-2-6-4-3-5-1;;/h5-6H,1-4H2;2*1H",QZCGFUVVXNFSLE-UHFFFAOYSA-N,organic,[I-].[I-].C1C[NH2+]CC[NH2+]1,,,,,,,,,https://cactus.nci.nih.gov/chemical/structure/%5BI-%5D.%5BI-%5D.C1C%5BNH2+%5DCC%5BNH2+%5D1/stdinchikey
Piperidinium Iodide,PiperidiniumIodide,213.06,1.720983,"InChI=1S/C5H11N.HI/c1-2-4-6-5-3-1;/h6H,1-5H2;1H",HBPSMMXRESDUSG-UHFFFAOYSA-N,organic,C1CC[NH2+]CC1.[I-],C5H12IN,15533240,,,,,MS119800-10,,https://pubchem.ncbi.nlm.nih.gov/compound/15533240
"Poly(vinyl alcohol), Mw89000-98000, >99% hydrolyzed)",PVA,92000,1234.56,"1S/C2H4O/c1-2-3/h2-3H,1H2",IMROMDMJAWUWLK-UHFFFAOYSA-N,polymer,C{-}(OC(=O)C)C{n+},C2H4O,,,,,,Sigma: 341584-25G,https://www.sigmaaldrich.com/catalog/product/ALDRICH/341584?lang=en&\region=US&cm_sp=Insite-_-prodRecCold_xviews-_-prodRecCold5-3,
Pralidoxime iodide,PralidoximeIodide,264.07,1.850877,"InChI=1S/C7H8N2O.HI/c1-9-5-3-2-4-7(9)6-8-10;/h2-6H,1H3;1H/b7-6+;",QNBVYCDYFJUNLO-UHDJGPCESA-N,organic,CN1C=CC=CC1=C[NH+]=O.[I-],C7H9IN2O,,,,,,,,https://pubchem.ncbi.nlm.nih.gov/compound/pralidoxime_iodide#section=Names-and-Identifiers
"Propane-1,3-diammonium iodide",Propane13diammoniumIodide,329.95,2.10244,InChI=1S/C3H10N2.HI/c4-2-1-3-5;/h1-5H2;1H/p+1,KFXBDBPOGBBVMC-UHFFFAOYSA-N,organic,[NH3+]CCC[NH3+].[I-].[I-],C3H12IN2,,,,,,,,
Pyrrolidinium Bromide,pyrrolidiniumBromide,152.03,1.587983,"InChI=1S/C4H9N.BrH/c1-2-4-5-3-1;/h5H,1-4H2;1H",VFDOIPKMSSDMCV-UHFFFAOYSA-N,organic,C1CC[NH2+]C1.[Br-],C4H10BrN,18621471,,,,,greatcell: MS319700-10,,https://pubchem.ncbi.nlm.nih.gov/compound/18621471
Pyrrolidinium Iodide,PyrrolidiniumIodide,199.04,1.88354,"InChI=1S/C4H9N.HI/c1-2-4-5-3-1;/h5H,1-4H2;1H",DMFMZFFIQRMJQZ-UHFFFAOYSA-N,organic,C1CC[NH2+]C1.[I-],C4H10IN,,,,,,greatcell: MS119700-100,,https://pubchem.ncbi.nlm.nih.gov/compound/11159941
Quinuclidin-1-ium bromide,QuinuclidiniumBromide,192.1,1.422151,"InChI=1S/C7H13N.BrH/c1-4-8-5-2-7(1)3-6-8;/h7H,1-6H2;1H",DYEHDACATJUKSZ-UHFFFAOYSA-N,organic,C1C[NH+]2CCC1CC2.[Br-],C7H14BrN,66608461,,,,1-Azoniabicyclo[2.2.2]octane;bromide,greatcell: MS329300,,https://pubchem.ncbi.nlm.nih.gov/compound/66608461
Quinuclidin-1-ium iodide,QuinuclidiniumIodide,239.1,1.617795,"InChI=1S/C7H13N.HI/c1-4-8-5-2-7(1)3-6-8;/h7H,1-6H2;1H",LYHPZBKXSHVBDW-UHFFFAOYSA-N,organic,C1C[NH+]2CCC1CC2.[I-],,,,,,,,,https://cactus.nci.nih.gov/chemical/structure/%5BI-%5D.C1C%5BNH+%5D2CCC1CC2/stdinchikey
tert-Octylammonium iodide,TertOctylammoniumIodide,257.16,1.304114,"InChI=1S/C8H19N.HI/c1-7(2,3)6-8(4,5)9;/h6,9H2,1-5H3;1H",UXYJHTKQEFCXBJ-UHFFFAOYSA-N,organic,C(CC(C)(C)[NH3+])(C)(C)C.[I-],C8H20IN,,,,,,,,
Pyridinium Iodide,PyridiniumIodide,207.01,2.051533,InChI=1S/C5H5N.HI/c1-2-4-6-5-3-1;/h1-5H;1H,BJDYCCHRZIFCGN-UHFFFAOYSA-N,organic,C1=CC=[NH+]C=C1.[I-],C5H6IN,6432201,,,,,,,
Cyclohexylmethylammonium iodide,CyclohexylmethylammoniumIodide,241.11,1.505014,"InChI=1S/C7H15N.HI/c1-8-7-5-3-2-4-6-7;/h7-8H,2-6H2,1H3;1H",ZEVRFFCPALTVDN-UHFFFAOYSA-N,organic,C1CCC(CC1)C[NH3+].[I-],C7H16IN,129790872,,,,,,,
Cyclohexylammonium iodide,CyclohexylammoniumIodide,227.09,1.605951,"InChI=1S/C6H13N.HI/c7-6-4-2-1-3-5-6;/h6H,1-5,7H2;1H",WGYRINYTHSORGH-UHFFFAOYSA-N,organic,C1CCC(CC1)[NH3+].[I-],C6H14IN,89524541,,,,,,,
"Butane-1,4-diammonium Iodide",Butane14diammoniumIodide,343.98,2.203123,InChI=1S/C4H12N2.2HI/c5-3-1-2-4-6;;/h1-6H2;2*1H,XZUCBFLUEBDNSJ-UHFFFAOYSA-N,organic,C(CC[NH3+])C[NH3+].[I-].[I-],C4H14I2N2,,,,,,,,
"1,4-Benzene diammonium iodide",Benzenediaminedihydroiodide,363.97,2.340659,"InChI=1S/C6H8N2.2HI/c7-5-1-2-6(8)4-3-5;;/h1-4H,7-8H2;2*1H",RYYSZNVPBLKLRS-UHFFFAOYSA-N,organic,C1=CC(=CC=C1[NH3+])[NH3+].[I-].[I-],C6H10I2N2,129655325,,,,,,,
5-Azaspiro[4.4]nonan-5-ium iodide,5Azaspironoiodide,253.12,1.527018,InChI=1S/C8H16N.HI/c1-2-6-9(5-1)7-3-4-8-9;/h1-8H2;1H/q+1;/p-1,DWOWCUCDJIERQX-UHFFFAOYSA-M,organic,C1CC[N+]2(C1)CCCC2.[I-],C8H16IN,86209376,,,,,,,
Diethylammonium iodide,Diethylammoniumiodide,201.05,1.676932,"InChI=1S/C4H11N.HI/c1-3-5-4-2;/h5H,3-4H2,1-2H3;1H",YYMLRIWBISZOMT-UHFFFAOYSA-N,organic,CC[NH2+]CC.[I-],C4H12IN,88320434,,,,,,,
2-Pyrrolidin-1-ium-1-ylethylammonium iodide,2Pyrrolidin1ium1ylethylammoniumiodide,370.02,2.078859,InChI=1S/C6H14N2.2HI/c7-3-6-8-4-1-2-5-8;;/h1-7H2;2*1H,UVLZLKCGKYLKOR-UHFFFAOYSA-N,organic,C1CC[NH+](C1)CC[NH3+].[I-].[I-],C6H16I2N2,,,,,,,,
"N,N-Dimethylethane-1,2-diammonium iodide",NNDimethylethane12diammoniumiodide,343.98,2.180165,"InChI=1S/C4H12N2.2HI/c1-6(2)4-3-5;;/h3-5H2,1-2H3;2*1H",BAMDIFIROXTEEM-UHFFFAOYSA-N,organic,C[NH+](C)CC[NH3+].[I-].[I-],C4H14I2N2,,,,,,,,
"N,N-dimethylpropane-1,3-diammonium iodide",NNdimethylpropane13diammoniumiodide,358.01,2.053208,"InChI=1S/C5H14N2.2HI/c1-7(2)5-3-4-6;;/h3-6H2,1-2H3;2*1H",JERSPYRKVMAEJY-UHFFFAOYSA-N,organic,C[NH+](C)CCC[NH3+].[I-].[I-],C5H16I2N2,,,,,,,,
"N,N-Diethylpropane-1,3-diammonium iodide",NNDiethylpropane13diammoniumiodide,386.06,1.848218,"InChI=1S/C7H18N2.2HI/c1-3-9(4-2)7-5-6-8;;/h3-8H2,1-2H3;2*1H",NXRUEVJQMBGVAT-UHFFFAOYSA-N,organic,CC[NH+](CC)CCC[NH3+].[I-].[I-],C7H20I2N2,,,,,,,,
Di-isopropylammonium iodide,Diisopropylammoniumiodide,229.1,1.454266,"InChI=1S/C6H15N.HI/c1-5(2)7-6(3)4;/h5-7H,1-4H3;1H",PBGZCCFVBVEIAS-UHFFFAOYSA-N,organic,CC(C)[NH2+]C(C)C.[I-],C6H16IN,517666,,,,,,,
4-methoxy-phenethylammonium-iodide,4methoxyphenethylammoniumiodide,279.12,1.566776,"InChI=1S/C9H13NO.HI/c1-11-9-4-2-8(3-5-9)6-7-10;/h2-5H,6-7,10H2,1H3;1H",QNNYEDWTOZODAS-UHFFFAOYSA-N,organic,[I-].[NH3+](CCC1=CC=C(C=C1)OC),,,,,,,,,
Iso-Propylammonium Bromide ,IPABr,140.02,1.841935,"InChI=1S/C3H9N.BrH/c1-3(2)4;/h3H,4H2,1-2H3;1H",WGWKNMLSVLOQJB-UHFFFAOYSA-N,organic,CC(C)[NH3+].[Br-],C3H10BrN,22495069,,,,,,,
4-Trifluoromethyl-Phenylammonium Bromide,4TrifluoromethylPhenylammoniumBromide,242.04,1.8927,"InChI=1S/C7H6F3N.BrH/c8-7(9,10)5-1-3-6(11)4-2-5;/h1-4H,11H2;1H",YDUCBKSFOWFMMQ-UHFFFAOYSA-N,organic,C1(=CC=C(C=C1)C(F)(F)F)[NH3+].[Br-],C7H7BrF3N,,,,,,,,
Morpholinium Bromide,MorpholiniumBromide,168.03,1.6323,"InChI=1S/C4H9NO.BrH/c1-3-6-4-2-5-1;/h5H,1-4H2;1H",BVJOXYJFOYNQRB-UHFFFAOYSA-N,organic,C1COCC[NH2+]1.[Br-],C4H10BrNO,57498396,,,,,,,
Cyclohexylmethylammonium Bromide,CyclohexylmethylammoniumBromide,194.12,1.3266,"InChI=1S/C7H15N.BrH/c8-6-7-4-2-1-3-5-7;/h7H,1-6,8H2;1H",LBEXWMLYXHXELS-UHFFFAOYSA-N,organic,[NH3+]CC1CCCCC1.[Br-],C7H16BrN,,,,,,,,
"N,N-dimethylpropane-1,3-diammonium Bromide",NNdimethylpropaneDiammoniumBromide,264.01,1.69,"InChI=1S/C5H14N2.2BrH/c1-7(2)5-3-4-6;;/h3-6H2,1-2H3;2*1H",QIDAXQPTQFYPDP-UHFFFAOYSA-N,organic,C[NH+](C)CCC[NH3+].[Br-].[Br-],C5H16Br2N2,,,,,,,,
2-Pyrrolidin-1-ium-1-ylethylammonium bromide,2Pyrrolidin1ium1ylethylammoniumbromide,276.02,1.73,InChI=1S/C6H14N2.2BrH/c7-3-6-8-4-1-2-5-8;;/h1-7H2;2*1H,FPPIGJMXVSXJPF-UHFFFAOYSA-N,organic,[NH3+]CC[NH+]1CCCC1.[Br-].[Br-],C6H16Br2N2,,,,,,,,
"1,4-Benzenediammonium bromide",BenzenediammoniumBromide,269.97,1.9594,"InChI=1S/C6H8N2.2BrH/c7-5-1-2-6(8)4-3-5;;/h1-4H,7-8H2;2*1H",KTHOOQOVVOZMIG-UHFFFAOYSA-N,organic,[NH3+]c1ccc([NH3+])cc1.[Br-].[Br-],C6H10Br2N2,,,,,,,,
"Butane-1,4-diammonium bromide",ButanediammoniumBromide,249.98,1.8038,InChI=1S/C4H12N2.2BrH/c5-3-1-2-4-6;;/h1-6H2;2*1H,UTDOJTBJZVYMNB-UHFFFAOYSA-N,organic,[NH3+]CCCC[NH3+].[Br-].[Br-],C4H14Br2N2,,,,,,,,
Di-iso-Propylammonium bromide,DiIsoPropylammoniumBromide,182.11,1.2651,"InChI=1S/C6H15N.BrH/c1-5(2)7-6(3)4;/h5-7H,1-4H3;1H",KIJXMUOJNZXYHU-UHFFFAOYSA-N,organic,CC(C)[NH2+]C(C)C.[Br-],C6H16BrN,,,,,,,,
Diethylammonium bromide,DiethylammoniumBromide,154.05,1.4107,"InChI=1S/C4H11N.BrH/c1-3-5-4-2;/h5H,3-4H2,1-2H3;1H",AATGHKSFEUVOPF-UHFFFAOYSA-N,organic,CC[NH2+]CC.[Br-],C4H12BrN,,,,,,,,
"N,N-Dimethylethane-1,2-diammonium bromide",NNDimethylethaneDiammoniumBromide,249.98,1.7831,"InChI=1S/C4H12N2.2BrH/c1-6(2)4-3-5;;/h3-5H2,1-2H3;2*1H",MDXXRKKHSWLPQO-UHFFFAOYSA-N,organic,CC[NH+](CC)CC[NH3+].[Br-].[Br-],C4H14Br2N2,,,,,,,,
"Hexane-1,6-diammonium bromide",HexaneDiammoniumBromide,278.03,1.6276,InChI=1S/C6H16N2.2BrH/c7-5-3-1-2-4-6-8;;/h1-8H2;2*1H,XSYPBULLQGGYPJ-UHFFFAOYSA-N,organic,[NH3+]CCCCCC[NH3+].[Br-].[Br-],C6H18Br2N2,,,,,,,,
4-Trifluoromethyl-Benzylammonium bromide,TrifluoromethylBenzylammoniumBromide,256.07,2.4065,"InChI=1S/C8H8F3N.BrH/c9-8(10,11)7-3-1-6(5-12)2-4-7;/h1-4H,5,12H2;1H",NKMWCZULQZETPE-UHFFFAOYSA-N,organic,C1(=CC=C(C=C1)C(F)(F)F)C[NH3+].[Br-],C8H9BrF3N,,,,,,,,
4-Fluoro- Benzylammonium bromide,4FluoroBenzylammoniumBromide,206.06,2.944893,"InChI=1S/C7H8FN.BrH/c8-7-3-1-6(5-9)2-4-7;/h1-4H,5,9H2;1H",PHIMWJYSMVBDPA-UHFFFAOYSA-N,organic,[NH3+]Cc1ccc(F)cc1.[Br-],,,,,,,,,
4-Fluoro-Phenethylammonium bromide,4FluoroPhenethylammoniumBromide,220.09,2.846364,"InChI=1S/C8H10FN.BrH/c9-8-3-1-7(2-4-8)5-6-10;/h1-4H,5-6,10H2;1H",ORNUPOUGVYVYHV-UHFFFAOYSA-N,organic,[NH3+]CCc1ccc(F)cc1.[Br-],,,,,,,,,
4-Fluoro-Phenylammonium bromide,4FluoroPhenBromide,192.03,3.066623,"InChI=1S/C6H6FN.BrH/c7-5-1-3-6(8)4-2-5;/h1-4H,8H2;1H",UFXSFFZUFGPRAI-UHFFFAOYSA-N,organic,[NH3+]c1ccc(F)cc1.[Br-],,,,,,,,,
4-methoxy-phenethylammonium-bromide,4MethoxyPhenethylammoniumBromide,232.12,2.697986,"InChI=1S/C9H13NO.BrH/c1-11-9-4-2-8(3-5-9)6-7-10;/h2-5H,6-7,10H2,1H3;1H",ZMSVLPNLFXWMKL-UHFFFAOYSA-N,organic,COc1ccc(CC[NH3+])cc1.[Br-],,,,,,,,,
4-Methoxy-Phenylammonium bromide,4MethoxyPhenylammoniumBromide,204.07,2.855279,"InChI=1S/C7H9NO.BrH/c1-9-7-4-2-6(8)3-5-7;/h2-5H,8H2,1H3;1H",RJMOZBXAFVSKRY-UHFFFAOYSA-N,organic,COc1ccc([NH3+])cc1.[Br-],,,,,,,,,
Cyclohexylammonium bromide,CyclohexylammoniumBromide,180.09,2.666702,"InChI=1S/C6H13N.BrH/c7-6-4-2-1-3-5-6;/h6H,1-5,7H2;1H",QOHWJRRXQPGIQW-UHFFFAOYSA-N,organic,[NH3+]C1CCCCC1.[Br-],,,,,,,,,
Dimethylammonium bromide,Me2NH2Br,126,2.941156,"InChI=1S/C2H7N.BrH/c1-3-2;/h3H,1-2H3;1H",FFJMLWSZNCJCSZ-UHFFFAOYSA-N,organic,C[NH2+]C.[Br-],,,,,,,,,
Imidazole hydrobromide,IDBr,148.99,3.267861,"InChI=1S/C3H4N2.BrH/c1-2-5-3-4-1;/h1-3H,(H,4,5);1H",VWUCIBOKNZGWLX-UHFFFAOYSA-N,organic,c1c[nH+]c[nH]1.[Br-],,,,,,,,,
iso-Pentylammonium bromide,IsoPentylammoniumBromide,168.08,2.604508,"InChI=1S/C5H13N.BrH/c1-5(2)3-4-6;/h5H,3-4,6H2,1-2H3;1H",OJOMXIACRLGDRB-UHFFFAOYSA-N,organic,CC(C)CC[NH3+].[Br-],,,,,,,,,
n-Butylammonium bromide,n-BtBr,154.05,2.692208,"InChI=1S/C4H11N.BrH/c1-2-3-4-5;/h2-5H2,1H3;1H",SXGBREZGMJVYRL-UHFFFAOYSA-N,organic,CCCC[NH3+].[Br-],,,,,,,,,
n-Hexylammonium bromide,NHexylammoniumBromide,182.11,2.541042,"InChI=1S/C6H15N.BrH/c1-2-3-4-5-6-7;/h2-7H2,1H3;1H",ZLSVALLKHLKICA-UHFFFAOYSA-N,organic,CCCCCC[NH3+].[Br-],,,,,,,,,
n-Octylammonium bromide,NOctylammoniumBromide,210.16,2.443081,"InChI=1S/C8H19N.BrH/c1-2-3-4-5-6-7-8-9;/h2-9H2,1H3;1H",GIDDQKKGAYONOU-UHFFFAOYSA-N,organic,CCCCCCCC[NH3+].[Br-],,,,,,,,,
N-propylammonium bromide,NPropylammoniumBromide,140.02,2.802504,"InChI=1S/C3H9N.BrH/c1-2-3-4;/h2-4H2,1H3;1H",MVYQJCPZZBFMLF-UHFFFAOYSA-N,organic,CCC[NH3+].[Br-],,,,,,,,,
"N,N-Diethylpropane-1,3-diammonium bromide",NNDiethylpropaneDiammoniumBromide,292.06,2.822177,"InChI=1S/C7H18N2.2BrH/c1-3-9(4-2)7-5-6-8;;/h3-8H2,1-2H3;2*1H",WIEDADHWBFYIRI-UHFFFAOYSA-N,organic,CC[NH+](CC)CCC[NH3+].[Br-].[Br-],,,,,,,,,
Phenylammonium bromide,PhenylammoniumBromide,174.04,2.91777,"InChI=1S/C6H7N.BrH/c7-6-4-2-1-3-5-6;/h1-5H,7H2;1H",KBPWECBBZZNAIE-UHFFFAOYSA-N,organic,[NH3+]c1ccccc1.[Br-],,,,,,,,,
Pyridinium bromide,PyridiniumBromide,160.01,3.043198,InChI=1S/C5H5N.BrH/c1-2-4-6-5-3-1;/h1-5H;1H,BBFCIBZLAVOLCF-UHFFFAOYSA-N,organic,c1cc[nH+]cc1.[Br-],,,,,,,,,
t-Butylammonium bromide,TButylammoniumBromide,154.05,2.687563,"InChI=1S/C4H11N.BrH/c1-4(2,3)5;/h5H2,1-3H3;1H",CQKAPARXKPTKBK-UHFFFAOYSA-N,organic,CC(C)(C)[NH3+].[Br-],,,,,,,,,
tert-Octylammonium bromide,TOctylammoniumBromide,210.16,2.433206,"InChI=1S/C8H19N.BrH/c1-7(2,3)6-8(4,5)9;/h6,9H2,1-5H3;1H",GDLPVSVSDKCFKN-UHFFFAOYSA-N,organic,CC(C)(C)CC(C)(C)[NH3+].[Br-],,,,,,,,,
2-Methoxyethylammonium bromide,2MethoxyEthylammoniumBromide,156.02,2.861683,"InChI=1S/C3H9NO.BrH/c1-5-3-2-4;/h2-4H2,1H3;1H",XAZUEHTWFIPWFR-UHFFFAOYSA-N,organic,COCC[NH3+].[Br-],,,,,,,,,
"N,N-Dimethylmethyleneammonium iodide",NNDimethylmethyleneammoniumIodide,185.01,1.96,"InChI=1S/C3H8N.HI/c1-4(2)3;/h1H2,2-3H3;1H/q+1;/p-1",VVDUZZGYBOWDSQ-UHFFFAOYSA-M,organic,C[N+](=C)C.[I-],C3H8IN,2724133,,,,,,,
2-Fluoroethylamine hydrochloride,2Fluoroethylaminehydrochloride,99.53,1.38,"InChI=1S/C2H6FN.ClH/c3-1-2-4;/h1-2,4H2;1H",YRRZGBOZBIVMJT-UHFFFAOYSA-N,organic,C(CF)N.Cl,C2H7ClFN,9995,,,,,,,
Iodomethyltrimethylammonium iodide,Iodomethyltrimethylammoniumiodide,326.95,2.59,"InChI=1S/C4H11IN.HI/c1-6(2,3)4-5;/h4H2,1-3H3;1H/q+1;/p-1",IFVIWWQMNYZYFQ-UHFFFAOYSA-M,organic,C[N+](C)(C)CI.[I-],C4H11I2N,38328,,,,,,,
Water,H2O,18.02,1,InChI=1S/H2O/h1H2,XLYOFNOQVPJJNP-UHFFFAOYSA-N,inorganic,O,H2O,962,,,,,,,
1-Butyl-1-methylpyrrolidinium iodide,1Butyl1methylpyrrolidiniumiodide,269.17,1.332365,"InChI=1S/C9H20N.HI/c1-3-4-7-10(2)8-5-6-9-10;/h3-9H2,1-2H3;1H/q+1;/p-1",BEZANEDYKZXSCF-UHFFFAOYSA-M,organic,CCCC[N+]1(CCCC1)C.[I-],C9H20IN,11076461,,,,,,,
Diethanolammonium iodide,Diethanolammoniumiodide,233.05,1.787574,"InChI=1S/C4H11NO2.HI/c6-3-1-5-2-4-7;/h5-7H,1-4H2;1H",QZTGNBUTHRNAPP-UHFFFAOYSA-N,organic,C(CO)NCCO.I,C4H12INO2,141577025,,,,,,,
Ethanolammonium Iodide,Ethanolammoniumiodide,189,2.129281,"InChI=1S/C2H7NO.HI/c3-1-2-4;/h4H,1-3H2;1H",WBUUOQGFAPWFMC-UHFFFAOYSA-N,organic,C(CO)N.I,C2H8INO,129767001,,,,,,,
2-Thiophenemethylammonium iodide,2Thiophenmethylammoniumiodide,241.09,1.912951,"InChI=1S/C5H8NS.HI/c6-4-5-2-1-3-7-5;/h1,3H,2,4,6H2;1H",QTWVKKIQSUTRSU-UHFFFAOYSA-N,organic,[NH3+]CC1=SC=CC1.[I-],C5H8INS,,,,,,,,
4-Hydroxyphenethylammonium iodide,4Hydroxyphenethylammoniumiodide,265.09,1.66919,"InChI=1S/C8H11NO.HI/c9-6-5-7-1-3-8(10)4-2-7;/h1-4,10H,5-6,9H2;1H",HJFYRMFYQMIZDG-UHFFFAOYSA-N,organic,C1=CC(=CC=C1CC[NH3+])O.[I-],C8H12INO,139041625,,,,,,,
4-Chlorophenylammonium iodide,4Chlorophenylammoniumiodide,255.48,2.027663343,"InChI=1S/C6H6ClN.HI/c7-5-1-3-6(8)4-2-5;/h1-4H,8H2;1H",NJQKYAASWUGXIT-UHFFFAOYSA-N,organic,C1=CC(=CC=C1[NH3+])Cl.[I-],C6H7ClIN,129656386,,,,,,,
4-Chlorophenethylammonium iodide,4Chlorophenethylammoniumiodide,283.54,1.763840517,"InChI=1S/C8H10ClN.HI/c9-8-3-1-7(2-4-8)5-6-10;/h1-4H,5-6,10H2;1H",ZKRCWINLLKOVCL-UHFFFAOYSA-N,organic,[NH3+]CCc1ccc(Cl)cc1.[I-],C8H11ClIN,,,,,,,,
Di-propylammonium iodide,Dipropylammoniumiodide,229.1,1.45639,"InChI=1S/C6H15N.HI/c1-3-5-7-6-4-2;/h7H,3-6H2,1-2H3;1H",OXVTTWZGFRRUCD-UHFFFAOYSA-N,organic,CCC[NH2+]CCC.[I-],C 6 H 16 IN,,,,,,,,
Diphenylammonium iodide,Diphenylammoniumiodide,297.13,1.585836,"InChI=1S/C12H11N.HI/c1-3-7-11(8-4-1)13-12-9-5-2-6-10-12;/h1-10,13H;1H",UEQHJXUGBQCDJY-UHFFFAOYSA-N,organic,C1=CC=C(C=C1)[NH2+]C2=CC=CC=C2.[I-],C12 H12IN,141732121,,,,,,,
"2,2-dimethylpropane-1,3-diammonium iodide",22dimethylpropane13diammoniumiodide,358,2.06513,"InChI=1S/C5H14N2.2HI/c1-5(2,3-6)4-7;;/h3-4,6-7H2,1-2H3;2*1H",ODZKCFHAXXFIQC-UHFFFAOYSA-N,organic,[NH3+]CC(C[NH3+])(C)C.[I-].[I-],C 5 H 16 I 2 N,,,,,,,,
2-Methoxyethylammonium iodide,2methoxyethylammoniumiodide,203.02,1.866354,"InChI=1S/C3H9NO.HI/c1-5-3-2-4;/h2-4H2,1H3;1H",SCDXFIYEBSXILC-UHFFFAOYSA-N,organic,COCC[NH3+].[I-],C3H10INO,132006432,,,,,,,
1-Butyl-1-methylpiperadine bromide,1Butyl1methylpiperadinebromide,236.19,3.304842,"InChI=1S/C10H22N.BrH/c1-3-4-8-11(2)9-6-5-7-10-11;/h3-10H2,1-2H3;1H/q+1;/p-1",WYABBCZMFVULEF-UHFFFAOYSA-M,organic,CCCC[N+]1(CCCCC1)C.[Br-],C10H22BrN,19838382,,,,,,,
1-Butyl-1-methylpiperidinium iodide,1Butyl1methylpiperidiniumiodide,283.19,1.271729,"InChI=1S/C10H22N.HI/c1-3-4-8-11(2)9-6-5-7-10-11;/h3-10H2,1-2H3;1H/q+1;/p-1",OOAKIOMAIRZQKN-UHFFFAOYSA-M,organic,CCCC[N+]1(CCCCC1)C.[I-],C10H22IN,60196384,,,,,,,
2-Thiopheneethylammonium iodide,2Thiopheneethylammoniumiodide,255.12,1.826815,"InChI=1S/C6H9NS.HI/c7-4-3-6-2-1-5-8-6;/h1-2,5H,3-4,7H2;1H",KLYROMPVPJRYBI-UHFFFAOYSA-N,organic ,C1=CSC(=C1)CC[NH3+].[I-],C6H10INS,146469711,,,,,,,
Ethyltriphenylphosphonium iodide ,Ethyltriphenylphosphoniumiodide ,418.2,1.386734,"InChI=1S/C20H20P.HI/c1-2-21(18-12-6-3-7-13-18,19-14-8-4-9-15-19)20-16-10-5-11-17-20;/h3-17H,2H2,1H3;1H/q+1;/p-1",SLAFUPJSGFVWPP-UHFFFAOYSA-M,organic,CC[P+](C1=CC=CC=C1)(C2=CC=CC=C2)C3=CC=CC=C3.[I-],C20H20IP,78474,,,,,,,
Methylphenylphosphonium iodide,Methylphenylphosphoniumiodide,405.2,1.433499,"InChI=1S/C19H18P.HI/c1-20(17-11-5-2-6-12-17,18-13-7-3-8-14-18)19-15-9-4-10-16-19;/h2-16H,1H3;1H/q+1;",JNMIXMFEVJHFNY-UHFFFAOYSA-N,organic,C[P+](C1=CC=CC=C1)(C2=CC=CC=C2)C3=CC=CC=C3.I,C19H19IP+,16211686,,,,,,,
Iodomethyltriphenylphosphonium iodide,iodomethyltriphenylphosphoniumiodide,530.12,3.068601,"InChI=1S/C19H17IP.HI/c20-16-21(17-10-4-1-5-11-17,18-12-6-2-7-13-18)19-14-8-3-9-15-19;/h1-15H,16H2;1H/q+1;/p-1",NAVMMSRRNOXQMJ-UHFFFAOYSA-M,organic,C1=CC=C(C=C1)[P+](CI)(C2=CC=CC=C2)C3=CC=CC=C3.[I-],,10973449,,,,,,,
"1,3-dimethylpyridinium iodide",13dimethylpyridinium,236.07,1.724303,"InChI=1S/C7H10N.HI/c1-7-4-3-5-8(2)6-7;/h3-6H,1-2H3;1H/q+1;",BVUPLMFUPRCOEH-UHFFFAOYSA-N,organic,CC1=C[N+](=CC=C1)C.I,C7H11IN+,,,,,,,,
"1,4-dimethylpyridinium iodide",14DMPI,235.07,1.724464,"InChI=1S/C7H10N.HI/c1-7-3-5-8(2)6-4-7;/h3-6H,1-2H3;1H/q+1;/p-1",YOBTXORLVXZWSR-UHFFFAOYSA-M,organic,CC1=CC=[N+](C=C1)C.[I-],C7H10IN,200603,,,,,,,
isopropyltriphenylphosphonium iodide,isopropyltriphenylphosphoniumiodide,432.3,1.344284,"InChI=1S/C21H22P.HI/c1-18(2)22(19-12-6-3-7-13-19,20-14-8-4-9-15-20)21-16-10-5-11-17-21;/h3-18H,1-2H3;1H/q+1;/p-1",HHBXWXJLQYJJBW-UHFFFAOYSA-M,organic,CC(C)[P+](C1=CC=CC=C1)(C2=CC=CC=C2)C3=CC=CC=C3.[I-],C21H22IP,2723783,,,,,,,
1-Aminopyridinium iodide,1aminopyridiniumiodide,222.03,1.980869,"InChI=1S/C5H7N2.HI/c6-7-4-2-1-3-5-7;/h1-5H,6H2;1H/q+1;/p-1",NDRLPYIMWROJBG-UHFFFAOYSA-M,organic,C1=CC=[N+](C=C1)N.[I-],C5H7IN2,2733704,,,,,,,
tetrabutylammonium iodide,tetrabutylammoniumiodide,369.37,0.997999,"InChI=1S/C16H36N.HI/c1-5-9-13-17(14-10-6-2,15-11-7-3)16-12-8-4;/h5-16H2,1-4H3;1H/q+1;/p-1",DPKBAXPHAYBPRL-UHFFFAOYSA-M,organic,CCCC[N+](CCCC)(CCCC)CCCC.[I-],C16H36IN,67553,,,,,,,
1-butyl-4-methylpyridinium iodide,1butyl4methylpyridiniumiodide,277.14,1.443722,"InChI=1S/C10H16N.HI/c1-3-4-7-11-8-5-10(2)6-9-11;/h5-6,8-9H,3-4,7H2,1-2H3;1H/q+1;/p-1",RSJCFBORABJFGA-UHFFFAOYSA-M,organic,CCCC[N+]1=CC=C(C=C1)C.[I-],C10H16IN,11995188,,,,,,,
Phenyltriethylammonium iodide,phenyltriethylammoniumiodide,305.2,1.302907,"InChI=1S/C12H20N.HI/c1-4-13(5-2,6-3)12-10-8-7-9-11-12;/h7-11H,4-6H2,1-3H3;1H/q+1;/p-1",WMSWXWGJYOIACA-UHFFFAOYSA-M,organic,CC[N+](CC)(CC)C1=CC=CC=C1.[I-],C12H20IN,70524,,,,,,,
2-Chloro-1-methylpyridinium iodide,2chloro1methylpyridiniumiodide,255.48,2.000082,"InChI=1S/C6H7ClN.HI/c1-8-5-3-2-4-6(8)7;/h2-5H,1H3;1H/q+1;/p-1",ABFPKTQEQNICFT-UHFFFAOYSA-M,organic,C[N+]1=CC=CC=C1Cl.[I-],C6H7ClIN,167069,,,,,,,
4-Chlorophenethylammonium bromide,4chlorophenethylammoniumbromide,,,,,,,,,,,,,,,
diphenylammonium bromide,,,,,,,,,,,,,,,,
4-Chlorophenylammonium bromide,,,,,,,,,,,,,,,,
4-hydroxyphenethylammonium bromide,,,,,,,,,,,,,,,,
2-thiophenemethylammonium bromide,,,,,,,,,,,,,,,,
trimethylammonium bromide,,,,,,,,,,,,,,,,
iso-pentylammonium bromide,,,,,,,,,,,,,,,,
Methyltriphenylphosphonium bromide,,,,,,,,,,,,,,,,
2-(2-Naphthyl)ethylamine hydrochloride,Naphthylethylaminehydrochloride,207.7,,"InChI=1S/C12H13N.ClH/c13-8-7-10-5-6-11-3-1-2-4-12(11)9-10;/h1-6,9H,7-8,13H2;1H",VJPPXKBLHHCXLG-UHFFFAOYSA-N,organic,C1=CC=C2C=C(C=CC2=C1)CCN.Cl,C12H14ClN,16218122,,,,,,,
Piperidinium bromide,Piperidiniumbromide,160.01,,"InChI=1S/C5H11N.BrH/c1-2-4-6-5-3-1;/h6H,1-5H2;1H",ROFVJSWBDQUQGW-UHFFFAOYSA-N,organic,C1CC[NH2+]CC1.[Br-],C5H12BrN,44887073,,,,,,,
Nonanoic Acid,Nonanoicacid,158.21,0.9052,"InChI=1S/C9H18O2/c1-2-3-4-5-6-7-8-9(10)11/h2-8H2,1H3,(H,10,11)",FBUKVWPVBMHYJY-UHFFFAOYSA-N,organic,CCCCCCCCC(=O)O,C9H18O2,8158,,,,,,,
Octylamine,Octylamine,129.24,0.782,"InChI=1S/C8H19N/c1-2-3-4-5-6-7-8-9/h2-9H2,1H3",IOQPZZOEVPZRBK-UHFFFAOYSA-N,organic,CCCCCCCCN,C8H19N,,,,,,,,
1-Bromooctane,1bromooctane,193.12,1.11,"InChI=1S/C8H17Br/c1-2-3-4-5-6-7-8-9/h2-8H2,1H3",VMKOFRJSULQZRM-UHFFFAOYSA-N,organic,CCCCCCCCBr,C8H17Br,8140,,,,,,,
Trioctylphosphine,Trioctylphosphine,370.6,0.831,"InChI=1S/C24H51P/c1-4-7-10-13-16-19-22-25(23-20-17-14-11-8-5-2)24-21-18-15-12-9-6-3/h4-24H2,1-3H3",RMZAYIKUYWXQPB-UHFFFAOYSA-N,organic,CCCCCCCCP(CCCCCCCC)CCCCCCCC,C24H51P,20851,,,,,,,
1-Octanol,1Octanol,130.23,0.83,"InChI=1S/C8H18O/c1-2-3-4-5-6-7-8-9/h9H,2-8H2,1H3",KBPLFHHGFOOTCA-UHFFFAOYSA-N,organic,CCCCCCCCO,C8H18O,,,,,,,,
"2,2'-Biquinoline",22biquinoline,256.3,1.849708947,InChI=1S/C18H12N2/c1-3-7-15-13(5-1)9-11-17(19-15)18-12-10-14-6-2-4-8-16(14)20-18/h1-12H,WPTCSQBWLUUYDV-UHFFFAOYSA-N,organic,C1=CC=C2C(=C1)C=CC(=N2)C3=NC4=CC=CC=C4C=C3,C18H12N2,8412,,,,"2,2'-Diquinolyl",,https://www.sigmaaldrich.com/US/en/product/aldrich/b35407,
"4,4'-Dimethyl-2,2'-dipyridyl",44dimethyl22dipyridyl,184.24,1.721780656,"InChI=1S/C12H12N2/c1-9-3-5-13-11(7-9)12-8-10(2)4-6-14-12/h3-8H,1-2H3",NBPGPQJFYXNFKN-UHFFFAOYSA-N,organic,CC1=CC(=NC=C1)C2=NC=CC(=C2)C,C12H12N2,14338,,,,"2,2'-Bi-4-picoline",,https://www.sigmaaldrich.com/US/en/product/aldrich/245739,
"6,6'-Dimethyl-2,2'-dipyridyl",66dimethyl22dipyridyl,184.24,1.724788726,"InChI=1S/C12H12N2/c1-9-5-3-7-11(13-9)12-8-4-6-10(2)14-12/h3-8H,1-2H3",OHJPGUSXUGHOGE-UHFFFAOYSA-N,organic,CC1=NC(=CC=C1)C2=CC=CC(=N2)C,C12H12N2,20445,,,,"6,6'-Bi-2-picoline",,https://www.sigmaaldrich.com/US/en/product/aldrich/496367,
"2,6-Bis(2-pyridyl)-4(1H)-pyridone",26Bis2pyridyl41Hpyridone,249.27,1.901408676,"InChI=1S/C15H11N3O/c19-11-9-14(12-5-1-3-7-16-12)18-15(10-11)13-6-2-4-8-17-13/h1-10H,(H,18,19)",HRORSVNZQWCZTD-UHFFFAOYSA-N,organic,C1=CC=NC(=C1)C2=CC(=O)C=C(N2)C3=CC=CC=N3,C15H11N3O,619353,,,,"[2,2':6',2''-Terpyridin]-4'-ol",,https://www.sigmaaldrich.com/US/en/product/Aldrich/483370,
"6,6''-Dibromo-2,2':6',2''-terpyridine",66Dibromo2262terpyridine,391.06,2.634124038,InChI=1S/C15H9Br2N3/c16-14-8-2-6-12(19-14)10-4-1-5-11(18-10)13-7-3-9-15(17)20-13/h1-9H,PYMBATDYUCQLBC-UHFFFAOYSA-N,organic,C1=CC(=NC(=C1)C2=NC(=CC=C2)Br)C3=NC(=CC=C3)Br,C15H9Br2N3,4226981,,,,"2,6-bis(6-bromopyridin-2-yl)pyridine",,https://www.sigmaaldrich.com/US/en/product/aldrich/494070,
"5,5'-Dimethyl-2,2'-dipyridyl",55Dimethyl22dipyridyl,184.24,1.720715797,"InChI=1S/C12H12N2/c1-9-3-5-11(13-7-9)12-6-4-10(2)8-14-12/h3-8H,1-2H3",PTRATZCAGVBFIQ-UHFFFAOYSA-N,organic,CC1CCC(NC1)-C2CCC(C)CN2,C12H12N2,24873670,,,,"2,2'-Bi(5-methylpyridine)",,https://www.sigmaaldrich.com/US/en/product/aldrich/513040,
"2,2'-bipyridine-3,3'-diol",22bipyridine33diol,188.18,1.94240578,"InChI=1S/C10H8N2O2/c13-7-3-1-5-11-9(7)10-8(14)4-2-6-12-10/h1-6,13-14H",RJNRKZBHLCOHNM-UHFFFAOYSA-N,organic,C1=CC(=C(N=C1)C2=C(C=CC=N2)O)O,C10H8N2O2,534031,,,,"3,3'-Dihydroxy-2,2'-bipyridine",,https://www.sigmaaldrich.com/US/en/product/aldrich/340081,
"2,2'-bipyridine-4,4'-dicarboxaldehyde",22bipyridine44dicarboxaldehyde,212.2,1.933262186,InChI=1S/C12H8N2O2/c15-7-9-1-3-13-11(5-9)12-6-10(8-16)2-4-14-12/h1-8H,UJCACAOPZBJKIW-UHFFFAOYSA-N,organic,c1cnc(cc1C=O)c2cc(ccn2)C=O,C12H8N2O2,24871033,,,,,,https://www.sigmaaldrich.com/US/en/product/aldrich/474665,
"2,2'-bipyridyl",22bipyridyl,156.18,1.802134037,InChI=1S/C10H8N2/c1-3-7-11-9(5-1)10-6-2-4-8-12-10/h1-8H,ROFVEXUMMXZLPA-UHFFFAOYSA-N,organic,c1ccc(nc1)-c2ccccn2,C10H8N2,57654082,,,,,,https://www.sigmaaldrich.com/US/en/product/sial/d216305?gclid=Cj0KCQjwxdSHBhCdARIsAG6zhlVt-9ota3Ihxo4K8nvLhsfGN1xwyaqf48zawze-Lyyge-TR_4xCyrcaAqofEALw_wcB,
"4,4'-di-tert-butyl-2,2'-dipyridyl",44ditertbutyl22dipyridyl,268.4,1.586983612,"InChI=1S/C18H24N2/c1-17(2,3)13-7-9-19-15(11-13)16-12-14(8-10-20-16)18(4,5)6/h7-12H,1-6H3",TXNLQUKVUJITMX-UHFFFAOYSA-N,organic,CC(C)(C)c1ccnc(c1)-c2cc(ccn2)C(C)(C)C,C18H24N2,24873822,,,,,,https://www.sigmaaldrich.com/US/en/product/aldrich/515477?gclid=Cj0KCQjwxdSHBhCdARIsAG6zhlUMBVrGjce5gGkzdLSgi3dBKvWccNRg719wqimXWwNrvnpNLmcAA9UaAmJzEALw_wcB,
4-4'-dimethoxy-2-2'-bipyridine,44dimethoxy22bipyridine,216.24,1.832386154,"InChI=1S/C12H12N2O2/c1-15-9-3-5-13-11(7-9)12-8-10(16-2)4-6-14-12/h3-8H,1-2H3",IMEVSAIFJKKDAP-UHFFFAOYSA-N,organic,COC1=CC(=NC=C1)C2=NC=CC(=C2)OC,C12H12N2O2,2733927,,,,,,https://www.sigmaaldrich.com/US/en/product/aldrich/536040,
"2,2-Bipyridine-3,3′−dicarboxylic acid",,,,,,,,,,,,,,,,
"Trimethyl2,2:6,2terpyridine4,4,4tricarboxylate",Trimethyl2262terpyridine444tricarboxylate,407.4,1.95636,"InChI=1S/C21H17N3O6/c1-28-19(25)12-4-6-22-15(8-12)17-10-14(21(27)30-3)11-18(24-17)16-9-13(5-7-23-16)20(26)29-2/h4-11H,1-3H3",YDXTYOYBYASPDS-UHFFFAOYSA-N,organic,COC(=O)C1=CC(=NC=C1)C2=CC(=CC(=N2)C3=NC=CC(=C3)C(=O)OC)C(=O)OC,C21H17N3O6,66776557,,,,,,,
"4'-(4-Methylphenyl)-2,2':6',2''-terpyridine",44Methylphenyl2262terpyridine,323.4,1.80526,"InChI=1S/C22H17N3/c1-16-8-10-17(11-9-16)18-14-21(19-6-2-4-12-23-19)25-22(15-18)20-7-3-5-13-24-20/h2-15H,1H3",IDJYBUVHZHLIIT-UHFFFAOYSA-N,organic,CC1=CC=C(C=C1)C2=CC(=NC(=C2)C3=CC=CC=N3)C4=CC=CC=N4,C22H17N3,146114,,,,,,,
"4,4,4-Tri-tert-Butyl-2,2:6,2-terpyridine",444TritertButyl2262terpyridine,401.6,1.601166,"InChI=1S/C27H35N3/c1-25(2,3)18-10-12-28-21(14-18)23-16-20(27(7,8)9)17-24(30-23)22-15-19(11-13-29-22)26(4,5)6/h10-17H,1-9H3",QMABMHJGSFUTPF-UHFFFAOYSA-N,organic,CC(C)(C)C1=CC(=NC=C1)C2=CC(=CC(=N2)C3=NC=CC(=C3)C(C)(C)C)C(C)(C)C,C27H35N3,4229824,,,,,,,
