action_description	action_workflow_description	source_material_description	source_material_bom_description	destination_material_description	destination_material_bom_description
Dispense Metal Stock:  -> Sample Prep Plate: Plate well#: B2	Liq-Sol Sample CoCl2			Sample Prep Plate: Plate well#: B2	
Dispense Resin: Resin -> Resin Plate: Plate well#: A1	weigh resins	Resin	resin weighing Dev Materials	Resin Plate: Plate well#: A1	
Dispense Resin: Resin -> Resin Plate: Plate well#: A2	weigh resins	Resin	resin weighing Dev Materials	Resin Plate: Plate well#: A2	
Dispense Resin: Resin -> Resin Plate: Plate well#: A3	weigh resins	Resin	resin weighing Dev Materials	Resin Plate: Plate well#: A3	
Dispense Resin: Resin -> Resin Plate: Plate well#: A4	weigh resins	Resin	resin weighing Dev Materials	Resin Plate: Plate well#: A4	
Dispense Resin: Resin -> Resin Plate: Plate well#: A5	weigh resins	Resin	resin weighing Dev Materials	Resin Plate: Plate well#: A5	
Dispense Resin: Resin -> Resin Plate: Plate well#: A6	weigh resins	Resin	resin weighing Dev Materials	Resin Plate: Plate well#: A6	
Dispense Resin: Resin -> Resin Plate: Plate well#: B1	weigh resins	Resin	resin weighing Dev Materials	Resin Plate: Plate well#: B1	
Dispense Resin: Resin -> Resin Plate: Plate well#: B2	weigh resins	Resin	resin weighing Dev Materials	Resin Plate: Plate well#: B2	
Dispense Sample H2O: H2O -> Sample Prep Plate: Plate well#: A1	Liq-Sol Sample H2O	H2O	Liq-Sol Dev Materials 	Sample Prep Plate: Plate well#: A1	
Dispense Sample H2O: H2O -> Sample Prep Plate: Plate well#: A2	Liq-Sol Sample H2O	H2O	Liq-Sol Dev Materials 	Sample Prep Plate: Plate well#: A2	
Dispense Sample H2O: H2O -> Sample Prep Plate: Plate well#: A3	Liq-Sol Sample H2O	H2O	Liq-Sol Dev Materials 	Sample Prep Plate: Plate well#: A3	
Dispense Sample H2O: H2O -> Sample Prep Plate: Plate well#: A4	Liq-Sol Sample H2O	H2O	Liq-Sol Dev Materials 	Sample Prep Plate: Plate well#: A4	
Dispense Sample H2O: H2O -> Sample Prep Plate: Plate well#: A5	Liq-Sol Sample H2O	H2O	Liq-Sol Dev Materials 	Sample Prep Plate: Plate well#: A5	
Dispense Sample H2O: H2O -> Sample Prep Plate: Plate well#: A6	Liq-Sol Sample H2O	H2O	Liq-Sol Dev Materials 	Sample Prep Plate: Plate well#: A6	
Dispense Sample H2O: H2O -> Sample Prep Plate: Plate well#: B1	Liq-Sol Sample H2O	H2O	Liq-Sol Dev Materials 	Sample Prep Plate: Plate well#: B1	
Dispense Sample H2O: H2O -> 	Liq-Sol Sample H2O	H2O	Liq-Sol Dev Materials 		
Dispense Sample HCl: HCl-12M -> Sample Prep Plate: Plate well#: A1	Liq-Sol Sample HCl	HCl-12M	Liq-Sol Dev Materials 	Sample Prep Plate: Plate well#: A1	
Dispense Sample HCl: HCl-12M -> Sample Prep Plate: Plate well#: A2	Liq-Sol Sample HCl	HCl-12M	Liq-Sol Dev Materials 	Sample Prep Plate: Plate well#: A2	
Dispense Sample HCl: HCl-12M -> Sample Prep Plate: Plate well#: A3	Liq-Sol Sample HCl	HCl-12M	Liq-Sol Dev Materials 	Sample Prep Plate: Plate well#: A3	
Dispense Sample HCl: HCl-12M -> Sample Prep Plate: Plate well#: A4	Liq-Sol Sample HCl	HCl-12M	Liq-Sol Dev Materials 	Sample Prep Plate: Plate well#: A4	
Dispense Sample HCl: HCl-12M -> Sample Prep Plate: Plate well#: A5	Liq-Sol Sample HCl	HCl-12M	Liq-Sol Dev Materials 	Sample Prep Plate: Plate well#: A5	
Dispense Sample HCl: HCl-12M -> Sample Prep Plate: Plate well#: A6	Liq-Sol Sample HCl	HCl-12M	Liq-Sol Dev Materials 	Sample Prep Plate: Plate well#: A6	
Dispense Sample HCl: HCl-12M -> Sample Prep Plate: Plate well#: B1	Liq-Sol Sample HCl	HCl-12M	Liq-Sol Dev Materials 	Sample Prep Plate: Plate well#: B1	
Dispense Sample HCl: HCl-12M -> Sample Prep Plate: Plate well#: B2	Liq-Sol Sample HCl	HCl-12M	Liq-Sol Dev Materials 	Sample Prep Plate: Plate well#: B2	
Dispense Metal Stock:  -> Sample Prep Plate: Plate well#: A1	Liq-Sol Sample CoCl2			Sample Prep Plate: Plate well#: A1	
Dispense Metal Stock:  -> Sample Prep Plate: Plate well#: A2	Liq-Sol Sample CoCl2			Sample Prep Plate: Plate well#: A2	
Dispense Metal Stock:  -> Sample Prep Plate: Plate well#: A3	Liq-Sol Sample CoCl2			Sample Prep Plate: Plate well#: A3	
Dispense Metal Stock:  -> Sample Prep Plate: Plate well#: A4	Liq-Sol Sample CoCl2			Sample Prep Plate: Plate well#: A4	
Dispense Metal Stock:  -> Sample Prep Plate: Plate well#: A5	Liq-Sol Sample CoCl2			Sample Prep Plate: Plate well#: A5	
Dispense Metal Stock:  -> Sample Prep Plate: Plate well#: A6	Liq-Sol Sample CoCl2			Sample Prep Plate: Plate well#: A6	
Dispense Metal Stock:  -> Sample Prep Plate: Plate well#: B1	Liq-Sol Sample CoCl2			Sample Prep Plate: Plate well#: B1	
Transfer Sample for Assay: Sample Prep Plate: Plate well#: A1 -> Assay Sample Plate 1: Plate well#: A1	Liq-Sol Assay Samples	Sample Prep Plate: Plate well#: A1		Assay Sample Plate 1: Plate well#: A1	
Transfer Sample for Assay: Sample Prep Plate: Plate well#: A2 -> Assay Sample Plate 1: Plate well#: A2	Liq-Sol Assay Samples	Sample Prep Plate: Plate well#: A2		Assay Sample Plate 1: Plate well#: A2	
Transfer Sample for Assay: Sample Prep Plate: Plate well#: A3 -> Assay Sample Plate 1: Plate well#: A3	Liq-Sol Assay Samples	Sample Prep Plate: Plate well#: A3		Assay Sample Plate 1: Plate well#: A3	
Dispense Stock A: Stock A Vial -> Plate: Plate well#: D1	Perovskite Demo: Dispense Stock A	Stock A Vial	Perovskite Demo Materials	Plate: Plate well#: D1	
Transfer Sample for Assay: Sample Prep Plate: Plate well#: A4 -> Assay Sample Plate 1: Plate well#: A4	Liq-Sol Assay Samples	Sample Prep Plate: Plate well#: A4		Assay Sample Plate 1: Plate well#: A4	
Transfer Sample for Assay: Sample Prep Plate: Plate well#: A5 -> Assay Sample Plate 1: Plate well#: A5	Liq-Sol Assay Samples	Sample Prep Plate: Plate well#: A5		Assay Sample Plate 1: Plate well#: A5	
Transfer Sample for Assay: Sample Prep Plate: Plate well#: A6 -> Assay Sample Plate 1: Plate well#: A6	Liq-Sol Assay Samples	Sample Prep Plate: Plate well#: A6		Assay Sample Plate 1: Plate well#: A6	
Transfer Sample for Assay: Sample Prep Plate: Plate well#: B1 -> Assay Sample Plate 1: Plate well#: B1	Liq-Sol Assay Samples	Sample Prep Plate: Plate well#: B1		Assay Sample Plate 1: Plate well#: B1	
Transfer Sample for Assay: Sample Prep Plate: Plate well#: B2 -> Assay Sample Plate 1: Plate well#: B2	Liq-Sol Assay Samples	Sample Prep Plate: Plate well#: B2		Assay Sample Plate 1: Plate well#: B2	
Add Resin:  -> 	Liq-Sol Add Resin				
Add Resin:  -> 	Liq-Sol Add Resin				
Add Resin:  -> 	Liq-Sol Add Resin				
Add Resin:  -> 	Liq-Sol Add Resin				
Add Resin:  -> 	Liq-Sol Add Resin				
Add Resin:  -> 	Liq-Sol Add Resin				
Add Resin:  -> 	Liq-Sol Add Resin				
Add Resin:  -> 	Liq-Sol Add Resin				
Sample to Resin: Sample Prep Plate: Plate well#: A1 -> 	Liq-Sol Sample to Resin	Sample Prep Plate: Plate well#: A1			
Sample to Resin: Sample Prep Plate: Plate well#: A2 -> 	Liq-Sol Sample to Resin	Sample Prep Plate: Plate well#: A2			
Sample to Resin: Sample Prep Plate: Plate well#: A3 -> 	Liq-Sol Sample to Resin	Sample Prep Plate: Plate well#: A3			
Sample to Resin: Sample Prep Plate: Plate well#: A4 -> 	Liq-Sol Sample to Resin	Sample Prep Plate: Plate well#: A4			
Sample to Resin: Sample Prep Plate: Plate well#: A5 -> 	Liq-Sol Sample to Resin	Sample Prep Plate: Plate well#: A5			
Sample to Resin: Sample Prep Plate: Plate well#: A6 -> 	Liq-Sol Sample to Resin	Sample Prep Plate: Plate well#: A6			
Sample to Resin: Sample Prep Plate: Plate well#: B1 -> 	Liq-Sol Sample to Resin	Sample Prep Plate: Plate well#: B1			
Sample to Resin: Sample Prep Plate: Plate well#: B2 -> 	Liq-Sol Sample to Resin	Sample Prep Plate: Plate well#: B2			
Heat Stir Sample Plate	Liq-Sol Contact Vortex				
Dispense Solvent: Solvent -> Plate: Plate well#: A1	Dispense Solvent	Solvent	Test WF1 Materials	Plate: Plate well#: A1	
Dispense Solvent: Solvent -> Plate: Plate well#: A2	Dispense Solvent	Solvent	Test WF1 Materials	Plate: Plate well#: A2	
Dispense Stock A: Stock A -> Plate: Plate well#: A1	Dispense Stock A	Stock A	Test WF1 Materials	Plate: Plate well#: A1	
Dispense Stock A: Stock A -> Plate: Plate well#: A2	Dispense Stock A	Stock A	Test WF1 Materials	Plate: Plate well#: A2	
Dispense Stock B: Stock B -> Plate: Plate well#: A1	Dispense Stock B	Stock B	Test WF1 Materials	Plate: Plate well#: A1	
Dispense Stock B: Stock B -> Plate: Plate well#: A2	Dispense Stock B	Stock B	Test WF1 Materials	Plate: Plate well#: A2	
Dispense Acid Vol 1: Acid -> Plate: Plate well#: A1	Dispense Acid Vol 1	Acid	Test WF1 Materials	Plate: Plate well#: A1	
Dispense Acid Vol 1: Acid -> Plate: Plate well#: A2	Dispense Acid Vol 1	Acid	Test WF1 Materials	Plate: Plate well#: A2	
Dispense Acid Vol 2: Acid -> Plate: Plate well#: A1	Dispense Acid Vol 2	Acid	Test WF1 Materials	Plate: Plate well#: A1	
Dispense Acid Vol 2: Acid -> Plate: Plate well#: A2	Dispense Acid Vol 2	Acid	Test WF1 Materials	Plate: Plate well#: A2	
Perovskite Demo: Dispense Solvent: Solvent -> Plate: Plate well#: A1	Perovskite Demo: Dispense Solvent	Solvent	Perovskite Demo Materials	Plate: Plate well#: A1	
Perovskite Demo: Dispense Solvent: Solvent -> Plate: Plate well#: A2	Perovskite Demo: Dispense Solvent	Solvent	Perovskite Demo Materials	Plate: Plate well#: A2	
Perovskite Demo: Dispense Solvent: Solvent -> Plate: Plate well#: A3	Perovskite Demo: Dispense Solvent	Solvent	Perovskite Demo Materials	Plate: Plate well#: A3	
Perovskite Demo: Dispense Solvent: Solvent -> Plate: Plate well#: A4	Perovskite Demo: Dispense Solvent	Solvent	Perovskite Demo Materials	Plate: Plate well#: A4	
Perovskite Demo: Dispense Solvent: Solvent -> Plate: Plate well#: A5	Perovskite Demo: Dispense Solvent	Solvent	Perovskite Demo Materials	Plate: Plate well#: A5	
Perovskite Demo: Dispense Solvent: Solvent -> Plate: Plate well#: A6	Perovskite Demo: Dispense Solvent	Solvent	Perovskite Demo Materials	Plate: Plate well#: A6	
Perovskite Demo: Dispense Solvent: Solvent -> Plate: Plate well#: A7	Perovskite Demo: Dispense Solvent	Solvent	Perovskite Demo Materials	Plate: Plate well#: A7	
Perovskite Demo: Dispense Solvent: Solvent -> Plate: Plate well#: A8	Perovskite Demo: Dispense Solvent	Solvent	Perovskite Demo Materials	Plate: Plate well#: A8	
Perovskite Demo: Dispense Solvent: Solvent -> Plate: Plate well#: A9	Perovskite Demo: Dispense Solvent	Solvent	Perovskite Demo Materials	Plate: Plate well#: A9	
Perovskite Demo: Dispense Solvent: Solvent -> Plate: Plate well#: A10	Perovskite Demo: Dispense Solvent	Solvent	Perovskite Demo Materials	Plate: Plate well#: A10	
Perovskite Demo: Dispense Solvent: Solvent -> Plate: Plate well#: A11	Perovskite Demo: Dispense Solvent	Solvent	Perovskite Demo Materials	Plate: Plate well#: A11	
Perovskite Demo: Dispense Solvent: Solvent -> Plate: Plate well#: A12	Perovskite Demo: Dispense Solvent	Solvent	Perovskite Demo Materials	Plate: Plate well#: A12	
Perovskite Demo: Dispense Solvent: Solvent -> Plate: Plate well#: B1	Perovskite Demo: Dispense Solvent	Solvent	Perovskite Demo Materials	Plate: Plate well#: B1	
Perovskite Demo: Dispense Solvent: Solvent -> Plate: Plate well#: B2	Perovskite Demo: Dispense Solvent	Solvent	Perovskite Demo Materials	Plate: Plate well#: B2	
Perovskite Demo: Dispense Solvent: Solvent -> Plate: Plate well#: B3	Perovskite Demo: Dispense Solvent	Solvent	Perovskite Demo Materials	Plate: Plate well#: B3	
Perovskite Demo: Dispense Solvent: Solvent -> Plate: Plate well#: B4	Perovskite Demo: Dispense Solvent	Solvent	Perovskite Demo Materials	Plate: Plate well#: B4	
Perovskite Demo: Dispense Solvent: Solvent -> Plate: Plate well#: B5	Perovskite Demo: Dispense Solvent	Solvent	Perovskite Demo Materials	Plate: Plate well#: B5	
Perovskite Demo: Dispense Solvent: Solvent -> Plate: Plate well#: B6	Perovskite Demo: Dispense Solvent	Solvent	Perovskite Demo Materials	Plate: Plate well#: B6	
Perovskite Demo: Dispense Solvent: Solvent -> Plate: Plate well#: B7	Perovskite Demo: Dispense Solvent	Solvent	Perovskite Demo Materials	Plate: Plate well#: B7	
Perovskite Demo: Dispense Solvent: Solvent -> Plate: Plate well#: B8	Perovskite Demo: Dispense Solvent	Solvent	Perovskite Demo Materials	Plate: Plate well#: B8	
Perovskite Demo: Dispense Solvent: Solvent -> Plate: Plate well#: B9	Perovskite Demo: Dispense Solvent	Solvent	Perovskite Demo Materials	Plate: Plate well#: B9	
Perovskite Demo: Dispense Solvent: Solvent -> Plate: Plate well#: B10	Perovskite Demo: Dispense Solvent	Solvent	Perovskite Demo Materials	Plate: Plate well#: B10	
Perovskite Demo: Dispense Solvent: Solvent -> Plate: Plate well#: B11	Perovskite Demo: Dispense Solvent	Solvent	Perovskite Demo Materials	Plate: Plate well#: B11	
Perovskite Demo: Dispense Solvent: Solvent -> Plate: Plate well#: B12	Perovskite Demo: Dispense Solvent	Solvent	Perovskite Demo Materials	Plate: Plate well#: B12	
Perovskite Demo: Dispense Solvent: Solvent -> Plate: Plate well#: C1	Perovskite Demo: Dispense Solvent	Solvent	Perovskite Demo Materials	Plate: Plate well#: C1	
Perovskite Demo: Dispense Solvent: Solvent -> Plate: Plate well#: C2	Perovskite Demo: Dispense Solvent	Solvent	Perovskite Demo Materials	Plate: Plate well#: C2	
Perovskite Demo: Dispense Solvent: Solvent -> Plate: Plate well#: C3	Perovskite Demo: Dispense Solvent	Solvent	Perovskite Demo Materials	Plate: Plate well#: C3	
Perovskite Demo: Dispense Solvent: Solvent -> Plate: Plate well#: C4	Perovskite Demo: Dispense Solvent	Solvent	Perovskite Demo Materials	Plate: Plate well#: C4	
Perovskite Demo: Dispense Solvent: Solvent -> Plate: Plate well#: C5	Perovskite Demo: Dispense Solvent	Solvent	Perovskite Demo Materials	Plate: Plate well#: C5	
Perovskite Demo: Dispense Solvent: Solvent -> Plate: Plate well#: C6	Perovskite Demo: Dispense Solvent	Solvent	Perovskite Demo Materials	Plate: Plate well#: C6	
Perovskite Demo: Dispense Solvent: Solvent -> Plate: Plate well#: C7	Perovskite Demo: Dispense Solvent	Solvent	Perovskite Demo Materials	Plate: Plate well#: C7	
Perovskite Demo: Dispense Solvent: Solvent -> Plate: Plate well#: C8	Perovskite Demo: Dispense Solvent	Solvent	Perovskite Demo Materials	Plate: Plate well#: C8	
Perovskite Demo: Dispense Solvent: Solvent -> Plate: Plate well#: C9	Perovskite Demo: Dispense Solvent	Solvent	Perovskite Demo Materials	Plate: Plate well#: C9	
Perovskite Demo: Dispense Solvent: Solvent -> Plate: Plate well#: C10	Perovskite Demo: Dispense Solvent	Solvent	Perovskite Demo Materials	Plate: Plate well#: C10	
Perovskite Demo: Dispense Solvent: Solvent -> Plate: Plate well#: C11	Perovskite Demo: Dispense Solvent	Solvent	Perovskite Demo Materials	Plate: Plate well#: C11	
Perovskite Demo: Dispense Solvent: Solvent -> Plate: Plate well#: C12	Perovskite Demo: Dispense Solvent	Solvent	Perovskite Demo Materials	Plate: Plate well#: C12	
Perovskite Demo: Dispense Solvent: Solvent -> Plate: Plate well#: D1	Perovskite Demo: Dispense Solvent	Solvent	Perovskite Demo Materials	Plate: Plate well#: D1	
Perovskite Demo: Dispense Solvent: Solvent -> Plate: Plate well#: D2	Perovskite Demo: Dispense Solvent	Solvent	Perovskite Demo Materials	Plate: Plate well#: D2	
Perovskite Demo: Dispense Solvent: Solvent -> Plate: Plate well#: D3	Perovskite Demo: Dispense Solvent	Solvent	Perovskite Demo Materials	Plate: Plate well#: D3	
Perovskite Demo: Dispense Solvent: Solvent -> Plate: Plate well#: D4	Perovskite Demo: Dispense Solvent	Solvent	Perovskite Demo Materials	Plate: Plate well#: D4	
Perovskite Demo: Dispense Solvent: Solvent -> Plate: Plate well#: D5	Perovskite Demo: Dispense Solvent	Solvent	Perovskite Demo Materials	Plate: Plate well#: D5	
Perovskite Demo: Dispense Solvent: Solvent -> Plate: Plate well#: D6	Perovskite Demo: Dispense Solvent	Solvent	Perovskite Demo Materials	Plate: Plate well#: D6	
Perovskite Demo: Dispense Solvent: Solvent -> Plate: Plate well#: D7	Perovskite Demo: Dispense Solvent	Solvent	Perovskite Demo Materials	Plate: Plate well#: D7	
Perovskite Demo: Dispense Solvent: Solvent -> Plate: Plate well#: D8	Perovskite Demo: Dispense Solvent	Solvent	Perovskite Demo Materials	Plate: Plate well#: D8	
Perovskite Demo: Dispense Solvent: Solvent -> Plate: Plate well#: D9	Perovskite Demo: Dispense Solvent	Solvent	Perovskite Demo Materials	Plate: Plate well#: D9	
Perovskite Demo: Dispense Solvent: Solvent -> Plate: Plate well#: D10	Perovskite Demo: Dispense Solvent	Solvent	Perovskite Demo Materials	Plate: Plate well#: D10	
Perovskite Demo: Dispense Solvent: Solvent -> Plate: Plate well#: D11	Perovskite Demo: Dispense Solvent	Solvent	Perovskite Demo Materials	Plate: Plate well#: D11	
Perovskite Demo: Dispense Solvent: Solvent -> Plate: Plate well#: D12	Perovskite Demo: Dispense Solvent	Solvent	Perovskite Demo Materials	Plate: Plate well#: D12	
Perovskite Demo: Dispense Solvent: Solvent -> Plate: Plate well#: E1	Perovskite Demo: Dispense Solvent	Solvent	Perovskite Demo Materials	Plate: Plate well#: E1	
Perovskite Demo: Dispense Solvent: Solvent -> Plate: Plate well#: E2	Perovskite Demo: Dispense Solvent	Solvent	Perovskite Demo Materials	Plate: Plate well#: E2	
Perovskite Demo: Dispense Solvent: Solvent -> Plate: Plate well#: E3	Perovskite Demo: Dispense Solvent	Solvent	Perovskite Demo Materials	Plate: Plate well#: E3	
Perovskite Demo: Dispense Solvent: Solvent -> Plate: Plate well#: E4	Perovskite Demo: Dispense Solvent	Solvent	Perovskite Demo Materials	Plate: Plate well#: E4	
Perovskite Demo: Dispense Solvent: Solvent -> Plate: Plate well#: E5	Perovskite Demo: Dispense Solvent	Solvent	Perovskite Demo Materials	Plate: Plate well#: E5	
Perovskite Demo: Dispense Solvent: Solvent -> Plate: Plate well#: E6	Perovskite Demo: Dispense Solvent	Solvent	Perovskite Demo Materials	Plate: Plate well#: E6	
Perovskite Demo: Dispense Solvent: Solvent -> Plate: Plate well#: E7	Perovskite Demo: Dispense Solvent	Solvent	Perovskite Demo Materials	Plate: Plate well#: E7	
Perovskite Demo: Dispense Solvent: Solvent -> Plate: Plate well#: E8	Perovskite Demo: Dispense Solvent	Solvent	Perovskite Demo Materials	Plate: Plate well#: E8	
Perovskite Demo: Dispense Solvent: Solvent -> Plate: Plate well#: E9	Perovskite Demo: Dispense Solvent	Solvent	Perovskite Demo Materials	Plate: Plate well#: E9	
Perovskite Demo: Dispense Solvent: Solvent -> Plate: Plate well#: E10	Perovskite Demo: Dispense Solvent	Solvent	Perovskite Demo Materials	Plate: Plate well#: E10	
Perovskite Demo: Dispense Solvent: Solvent -> Plate: Plate well#: E11	Perovskite Demo: Dispense Solvent	Solvent	Perovskite Demo Materials	Plate: Plate well#: E11	
Perovskite Demo: Dispense Solvent: Solvent -> Plate: Plate well#: E12	Perovskite Demo: Dispense Solvent	Solvent	Perovskite Demo Materials	Plate: Plate well#: E12	
Perovskite Demo: Dispense Solvent: Solvent -> Plate: Plate well#: F1	Perovskite Demo: Dispense Solvent	Solvent	Perovskite Demo Materials	Plate: Plate well#: F1	
Perovskite Demo: Dispense Solvent: Solvent -> Plate: Plate well#: F2	Perovskite Demo: Dispense Solvent	Solvent	Perovskite Demo Materials	Plate: Plate well#: F2	
Perovskite Demo: Dispense Solvent: Solvent -> Plate: Plate well#: F3	Perovskite Demo: Dispense Solvent	Solvent	Perovskite Demo Materials	Plate: Plate well#: F3	
Perovskite Demo: Dispense Solvent: Solvent -> Plate: Plate well#: F4	Perovskite Demo: Dispense Solvent	Solvent	Perovskite Demo Materials	Plate: Plate well#: F4	
Perovskite Demo: Dispense Solvent: Solvent -> Plate: Plate well#: F5	Perovskite Demo: Dispense Solvent	Solvent	Perovskite Demo Materials	Plate: Plate well#: F5	
Perovskite Demo: Dispense Solvent: Solvent -> Plate: Plate well#: F6	Perovskite Demo: Dispense Solvent	Solvent	Perovskite Demo Materials	Plate: Plate well#: F6	
Perovskite Demo: Dispense Solvent: Solvent -> Plate: Plate well#: F7	Perovskite Demo: Dispense Solvent	Solvent	Perovskite Demo Materials	Plate: Plate well#: F7	
Perovskite Demo: Dispense Solvent: Solvent -> Plate: Plate well#: F8	Perovskite Demo: Dispense Solvent	Solvent	Perovskite Demo Materials	Plate: Plate well#: F8	
Perovskite Demo: Dispense Solvent: Solvent -> Plate: Plate well#: F9	Perovskite Demo: Dispense Solvent	Solvent	Perovskite Demo Materials	Plate: Plate well#: F9	
Perovskite Demo: Dispense Solvent: Solvent -> Plate: Plate well#: F10	Perovskite Demo: Dispense Solvent	Solvent	Perovskite Demo Materials	Plate: Plate well#: F10	
Perovskite Demo: Dispense Solvent: Solvent -> Plate: Plate well#: F11	Perovskite Demo: Dispense Solvent	Solvent	Perovskite Demo Materials	Plate: Plate well#: F11	
Perovskite Demo: Dispense Solvent: Solvent -> Plate: Plate well#: F12	Perovskite Demo: Dispense Solvent	Solvent	Perovskite Demo Materials	Plate: Plate well#: F12	
Perovskite Demo: Dispense Solvent: Solvent -> Plate: Plate well#: G1	Perovskite Demo: Dispense Solvent	Solvent	Perovskite Demo Materials	Plate: Plate well#: G1	
Perovskite Demo: Dispense Solvent: Solvent -> Plate: Plate well#: G2	Perovskite Demo: Dispense Solvent	Solvent	Perovskite Demo Materials	Plate: Plate well#: G2	
Perovskite Demo: Dispense Solvent: Solvent -> Plate: Plate well#: G3	Perovskite Demo: Dispense Solvent	Solvent	Perovskite Demo Materials	Plate: Plate well#: G3	
Perovskite Demo: Dispense Solvent: Solvent -> Plate: Plate well#: G4	Perovskite Demo: Dispense Solvent	Solvent	Perovskite Demo Materials	Plate: Plate well#: G4	
Perovskite Demo: Dispense Solvent: Solvent -> Plate: Plate well#: G5	Perovskite Demo: Dispense Solvent	Solvent	Perovskite Demo Materials	Plate: Plate well#: G5	
Perovskite Demo: Dispense Solvent: Solvent -> Plate: Plate well#: G6	Perovskite Demo: Dispense Solvent	Solvent	Perovskite Demo Materials	Plate: Plate well#: G6	
Perovskite Demo: Dispense Solvent: Solvent -> Plate: Plate well#: G7	Perovskite Demo: Dispense Solvent	Solvent	Perovskite Demo Materials	Plate: Plate well#: G7	
Perovskite Demo: Dispense Solvent: Solvent -> Plate: Plate well#: G8	Perovskite Demo: Dispense Solvent	Solvent	Perovskite Demo Materials	Plate: Plate well#: G8	
Perovskite Demo: Dispense Solvent: Solvent -> Plate: Plate well#: G9	Perovskite Demo: Dispense Solvent	Solvent	Perovskite Demo Materials	Plate: Plate well#: G9	
Perovskite Demo: Dispense Solvent: Solvent -> Plate: Plate well#: G10	Perovskite Demo: Dispense Solvent	Solvent	Perovskite Demo Materials	Plate: Plate well#: G10	
Perovskite Demo: Dispense Solvent: Solvent -> Plate: Plate well#: G11	Perovskite Demo: Dispense Solvent	Solvent	Perovskite Demo Materials	Plate: Plate well#: G11	
Perovskite Demo: Dispense Solvent: Solvent -> Plate: Plate well#: G12	Perovskite Demo: Dispense Solvent	Solvent	Perovskite Demo Materials	Plate: Plate well#: G12	
Perovskite Demo: Dispense Solvent: Solvent -> Plate: Plate well#: H1	Perovskite Demo: Dispense Solvent	Solvent	Perovskite Demo Materials	Plate: Plate well#: H1	
Perovskite Demo: Dispense Solvent: Solvent -> Plate: Plate well#: H2	Perovskite Demo: Dispense Solvent	Solvent	Perovskite Demo Materials	Plate: Plate well#: H2	
Perovskite Demo: Dispense Solvent: Solvent -> Plate: Plate well#: H3	Perovskite Demo: Dispense Solvent	Solvent	Perovskite Demo Materials	Plate: Plate well#: H3	
Perovskite Demo: Dispense Solvent: Solvent -> Plate: Plate well#: H4	Perovskite Demo: Dispense Solvent	Solvent	Perovskite Demo Materials	Plate: Plate well#: H4	
Perovskite Demo: Dispense Solvent: Solvent -> Plate: Plate well#: H5	Perovskite Demo: Dispense Solvent	Solvent	Perovskite Demo Materials	Plate: Plate well#: H5	
Perovskite Demo: Dispense Solvent: Solvent -> Plate: Plate well#: H6	Perovskite Demo: Dispense Solvent	Solvent	Perovskite Demo Materials	Plate: Plate well#: H6	
Perovskite Demo: Dispense Solvent: Solvent -> Plate: Plate well#: H7	Perovskite Demo: Dispense Solvent	Solvent	Perovskite Demo Materials	Plate: Plate well#: H7	
Perovskite Demo: Dispense Solvent: Solvent -> Plate: Plate well#: H8	Perovskite Demo: Dispense Solvent	Solvent	Perovskite Demo Materials	Plate: Plate well#: H8	
Perovskite Demo: Dispense Solvent: Solvent -> Plate: Plate well#: H9	Perovskite Demo: Dispense Solvent	Solvent	Perovskite Demo Materials	Plate: Plate well#: H9	
Perovskite Demo: Dispense Solvent: Solvent -> Plate: Plate well#: H10	Perovskite Demo: Dispense Solvent	Solvent	Perovskite Demo Materials	Plate: Plate well#: H10	
Perovskite Demo: Dispense Solvent: Solvent -> Plate: Plate well#: H11	Perovskite Demo: Dispense Solvent	Solvent	Perovskite Demo Materials	Plate: Plate well#: H11	
Perovskite Demo: Dispense Solvent: Solvent -> Plate: Plate well#: H12	Perovskite Demo: Dispense Solvent	Solvent	Perovskite Demo Materials	Plate: Plate well#: H12	
Dispense Stock A: Stock A Vial -> Plate: Plate well#: A1	Perovskite Demo: Dispense Stock A	Stock A Vial	Perovskite Demo Materials	Plate: Plate well#: A1	
Dispense Stock A: Stock A Vial -> Plate: Plate well#: A2	Perovskite Demo: Dispense Stock A	Stock A Vial	Perovskite Demo Materials	Plate: Plate well#: A2	
Dispense Stock A: Stock A Vial -> Plate: Plate well#: A3	Perovskite Demo: Dispense Stock A	Stock A Vial	Perovskite Demo Materials	Plate: Plate well#: A3	
Dispense Stock A: Stock A Vial -> Plate: Plate well#: A4	Perovskite Demo: Dispense Stock A	Stock A Vial	Perovskite Demo Materials	Plate: Plate well#: A4	
Dispense Stock A: Stock A Vial -> Plate: Plate well#: A5	Perovskite Demo: Dispense Stock A	Stock A Vial	Perovskite Demo Materials	Plate: Plate well#: A5	
Dispense Stock A: Stock A Vial -> Plate: Plate well#: A6	Perovskite Demo: Dispense Stock A	Stock A Vial	Perovskite Demo Materials	Plate: Plate well#: A6	
Dispense Stock A: Stock A Vial -> Plate: Plate well#: A7	Perovskite Demo: Dispense Stock A	Stock A Vial	Perovskite Demo Materials	Plate: Plate well#: A7	
Dispense Stock A: Stock A Vial -> Plate: Plate well#: A8	Perovskite Demo: Dispense Stock A	Stock A Vial	Perovskite Demo Materials	Plate: Plate well#: A8	
Dispense Stock A: Stock A Vial -> Plate: Plate well#: A9	Perovskite Demo: Dispense Stock A	Stock A Vial	Perovskite Demo Materials	Plate: Plate well#: A9	
Dispense Stock A: Stock A Vial -> Plate: Plate well#: A10	Perovskite Demo: Dispense Stock A	Stock A Vial	Perovskite Demo Materials	Plate: Plate well#: A10	
Dispense Stock A: Stock A Vial -> Plate: Plate well#: A11	Perovskite Demo: Dispense Stock A	Stock A Vial	Perovskite Demo Materials	Plate: Plate well#: A11	
Dispense Stock A: Stock A Vial -> Plate: Plate well#: A12	Perovskite Demo: Dispense Stock A	Stock A Vial	Perovskite Demo Materials	Plate: Plate well#: A12	
Dispense Stock A: Stock A Vial -> Plate: Plate well#: B1	Perovskite Demo: Dispense Stock A	Stock A Vial	Perovskite Demo Materials	Plate: Plate well#: B1	
Dispense Stock A: Stock A Vial -> Plate: Plate well#: B2	Perovskite Demo: Dispense Stock A	Stock A Vial	Perovskite Demo Materials	Plate: Plate well#: B2	
Dispense Stock A: Stock A Vial -> Plate: Plate well#: B3	Perovskite Demo: Dispense Stock A	Stock A Vial	Perovskite Demo Materials	Plate: Plate well#: B3	
Dispense Stock A: Stock A Vial -> Plate: Plate well#: B4	Perovskite Demo: Dispense Stock A	Stock A Vial	Perovskite Demo Materials	Plate: Plate well#: B4	
Dispense Stock A: Stock A Vial -> Plate: Plate well#: B5	Perovskite Demo: Dispense Stock A	Stock A Vial	Perovskite Demo Materials	Plate: Plate well#: B5	
Dispense Stock A: Stock A Vial -> Plate: Plate well#: B6	Perovskite Demo: Dispense Stock A	Stock A Vial	Perovskite Demo Materials	Plate: Plate well#: B6	
Dispense Stock A: Stock A Vial -> Plate: Plate well#: B7	Perovskite Demo: Dispense Stock A	Stock A Vial	Perovskite Demo Materials	Plate: Plate well#: B7	
Dispense Stock A: Stock A Vial -> Plate: Plate well#: B8	Perovskite Demo: Dispense Stock A	Stock A Vial	Perovskite Demo Materials	Plate: Plate well#: B8	
Dispense Stock A: Stock A Vial -> Plate: Plate well#: B9	Perovskite Demo: Dispense Stock A	Stock A Vial	Perovskite Demo Materials	Plate: Plate well#: B9	
Dispense Stock A: Stock A Vial -> Plate: Plate well#: B10	Perovskite Demo: Dispense Stock A	Stock A Vial	Perovskite Demo Materials	Plate: Plate well#: B10	
Dispense Stock A: Stock A Vial -> Plate: Plate well#: B11	Perovskite Demo: Dispense Stock A	Stock A Vial	Perovskite Demo Materials	Plate: Plate well#: B11	
Dispense Stock A: Stock A Vial -> Plate: Plate well#: B12	Perovskite Demo: Dispense Stock A	Stock A Vial	Perovskite Demo Materials	Plate: Plate well#: B12	
Dispense Stock A: Stock A Vial -> Plate: Plate well#: C1	Perovskite Demo: Dispense Stock A	Stock A Vial	Perovskite Demo Materials	Plate: Plate well#: C1	
Dispense Stock A: Stock A Vial -> Plate: Plate well#: C2	Perovskite Demo: Dispense Stock A	Stock A Vial	Perovskite Demo Materials	Plate: Plate well#: C2	
Dispense Stock A: Stock A Vial -> Plate: Plate well#: C3	Perovskite Demo: Dispense Stock A	Stock A Vial	Perovskite Demo Materials	Plate: Plate well#: C3	
Dispense Stock A: Stock A Vial -> Plate: Plate well#: C4	Perovskite Demo: Dispense Stock A	Stock A Vial	Perovskite Demo Materials	Plate: Plate well#: C4	
Dispense Stock A: Stock A Vial -> Plate: Plate well#: C5	Perovskite Demo: Dispense Stock A	Stock A Vial	Perovskite Demo Materials	Plate: Plate well#: C5	
Dispense Stock A: Stock A Vial -> Plate: Plate well#: C6	Perovskite Demo: Dispense Stock A	Stock A Vial	Perovskite Demo Materials	Plate: Plate well#: C6	
Dispense Stock A: Stock A Vial -> Plate: Plate well#: C7	Perovskite Demo: Dispense Stock A	Stock A Vial	Perovskite Demo Materials	Plate: Plate well#: C7	
Dispense Stock A: Stock A Vial -> Plate: Plate well#: C8	Perovskite Demo: Dispense Stock A	Stock A Vial	Perovskite Demo Materials	Plate: Plate well#: C8	
Dispense Stock A: Stock A Vial -> Plate: Plate well#: C9	Perovskite Demo: Dispense Stock A	Stock A Vial	Perovskite Demo Materials	Plate: Plate well#: C9	
Dispense Stock A: Stock A Vial -> Plate: Plate well#: C10	Perovskite Demo: Dispense Stock A	Stock A Vial	Perovskite Demo Materials	Plate: Plate well#: C10	
Dispense Stock A: Stock A Vial -> Plate: Plate well#: C11	Perovskite Demo: Dispense Stock A	Stock A Vial	Perovskite Demo Materials	Plate: Plate well#: C11	
Dispense Stock A: Stock A Vial -> Plate: Plate well#: C12	Perovskite Demo: Dispense Stock A	Stock A Vial	Perovskite Demo Materials	Plate: Plate well#: C12	
Dispense Stock A: Stock A Vial -> Plate: Plate well#: D1	Perovskite Demo: Dispense Stock A	Stock A Vial	Perovskite Demo Materials	Plate: Plate well#: D1	
Dispense Stock A: Stock A Vial -> Plate: Plate well#: D2	Perovskite Demo: Dispense Stock A	Stock A Vial	Perovskite Demo Materials	Plate: Plate well#: D2	
Dispense Stock A: Stock A Vial -> Plate: Plate well#: D3	Perovskite Demo: Dispense Stock A	Stock A Vial	Perovskite Demo Materials	Plate: Plate well#: D3	
Dispense Stock A: Stock A Vial -> Plate: Plate well#: D4	Perovskite Demo: Dispense Stock A	Stock A Vial	Perovskite Demo Materials	Plate: Plate well#: D4	
Dispense Stock A: Stock A Vial -> Plate: Plate well#: D5	Perovskite Demo: Dispense Stock A	Stock A Vial	Perovskite Demo Materials	Plate: Plate well#: D5	
Dispense Stock A: Stock A Vial -> Plate: Plate well#: D6	Perovskite Demo: Dispense Stock A	Stock A Vial	Perovskite Demo Materials	Plate: Plate well#: D6	
Dispense Stock A: Stock A Vial -> Plate: Plate well#: D7	Perovskite Demo: Dispense Stock A	Stock A Vial	Perovskite Demo Materials	Plate: Plate well#: D7	
Dispense Stock A: Stock A Vial -> Plate: Plate well#: D8	Perovskite Demo: Dispense Stock A	Stock A Vial	Perovskite Demo Materials	Plate: Plate well#: D8	
Dispense Stock A: Stock A Vial -> Plate: Plate well#: D9	Perovskite Demo: Dispense Stock A	Stock A Vial	Perovskite Demo Materials	Plate: Plate well#: D9	
Dispense Stock A: Stock A Vial -> Plate: Plate well#: D10	Perovskite Demo: Dispense Stock A	Stock A Vial	Perovskite Demo Materials	Plate: Plate well#: D10	
Dispense Stock A: Stock A Vial -> Plate: Plate well#: D11	Perovskite Demo: Dispense Stock A	Stock A Vial	Perovskite Demo Materials	Plate: Plate well#: D11	
Dispense Stock A: Stock A Vial -> Plate: Plate well#: D12	Perovskite Demo: Dispense Stock A	Stock A Vial	Perovskite Demo Materials	Plate: Plate well#: D12	
Dispense Stock A: Stock A Vial -> Plate: Plate well#: E1	Perovskite Demo: Dispense Stock A	Stock A Vial	Perovskite Demo Materials	Plate: Plate well#: E1	
Dispense Stock A: Stock A Vial -> Plate: Plate well#: E2	Perovskite Demo: Dispense Stock A	Stock A Vial	Perovskite Demo Materials	Plate: Plate well#: E2	
Dispense Stock A: Stock A Vial -> Plate: Plate well#: E3	Perovskite Demo: Dispense Stock A	Stock A Vial	Perovskite Demo Materials	Plate: Plate well#: E3	
Dispense Stock A: Stock A Vial -> Plate: Plate well#: E4	Perovskite Demo: Dispense Stock A	Stock A Vial	Perovskite Demo Materials	Plate: Plate well#: E4	
Dispense Stock A: Stock A Vial -> Plate: Plate well#: E5	Perovskite Demo: Dispense Stock A	Stock A Vial	Perovskite Demo Materials	Plate: Plate well#: E5	
Dispense Stock A: Stock A Vial -> Plate: Plate well#: E6	Perovskite Demo: Dispense Stock A	Stock A Vial	Perovskite Demo Materials	Plate: Plate well#: E6	
Dispense Stock A: Stock A Vial -> Plate: Plate well#: E7	Perovskite Demo: Dispense Stock A	Stock A Vial	Perovskite Demo Materials	Plate: Plate well#: E7	
Dispense Stock A: Stock A Vial -> Plate: Plate well#: E8	Perovskite Demo: Dispense Stock A	Stock A Vial	Perovskite Demo Materials	Plate: Plate well#: E8	
Dispense Stock A: Stock A Vial -> Plate: Plate well#: E9	Perovskite Demo: Dispense Stock A	Stock A Vial	Perovskite Demo Materials	Plate: Plate well#: E9	
Dispense Stock A: Stock A Vial -> Plate: Plate well#: E10	Perovskite Demo: Dispense Stock A	Stock A Vial	Perovskite Demo Materials	Plate: Plate well#: E10	
Dispense Stock A: Stock A Vial -> Plate: Plate well#: E11	Perovskite Demo: Dispense Stock A	Stock A Vial	Perovskite Demo Materials	Plate: Plate well#: E11	
Dispense Stock A: Stock A Vial -> Plate: Plate well#: E12	Perovskite Demo: Dispense Stock A	Stock A Vial	Perovskite Demo Materials	Plate: Plate well#: E12	
Dispense Stock A: Stock A Vial -> Plate: Plate well#: F1	Perovskite Demo: Dispense Stock A	Stock A Vial	Perovskite Demo Materials	Plate: Plate well#: F1	
Dispense Stock A: Stock A Vial -> Plate: Plate well#: F2	Perovskite Demo: Dispense Stock A	Stock A Vial	Perovskite Demo Materials	Plate: Plate well#: F2	
Dispense Stock A: Stock A Vial -> Plate: Plate well#: F3	Perovskite Demo: Dispense Stock A	Stock A Vial	Perovskite Demo Materials	Plate: Plate well#: F3	
Dispense Stock A: Stock A Vial -> Plate: Plate well#: F4	Perovskite Demo: Dispense Stock A	Stock A Vial	Perovskite Demo Materials	Plate: Plate well#: F4	
Dispense Stock A: Stock A Vial -> Plate: Plate well#: F5	Perovskite Demo: Dispense Stock A	Stock A Vial	Perovskite Demo Materials	Plate: Plate well#: F5	
Dispense Stock A: Stock A Vial -> Plate: Plate well#: F6	Perovskite Demo: Dispense Stock A	Stock A Vial	Perovskite Demo Materials	Plate: Plate well#: F6	
Dispense Stock A: Stock A Vial -> Plate: Plate well#: F7	Perovskite Demo: Dispense Stock A	Stock A Vial	Perovskite Demo Materials	Plate: Plate well#: F7	
Dispense Stock A: Stock A Vial -> Plate: Plate well#: F8	Perovskite Demo: Dispense Stock A	Stock A Vial	Perovskite Demo Materials	Plate: Plate well#: F8	
Dispense Stock A: Stock A Vial -> Plate: Plate well#: F9	Perovskite Demo: Dispense Stock A	Stock A Vial	Perovskite Demo Materials	Plate: Plate well#: F9	
Dispense Stock A: Stock A Vial -> Plate: Plate well#: F10	Perovskite Demo: Dispense Stock A	Stock A Vial	Perovskite Demo Materials	Plate: Plate well#: F10	
Dispense Stock A: Stock A Vial -> Plate: Plate well#: F11	Perovskite Demo: Dispense Stock A	Stock A Vial	Perovskite Demo Materials	Plate: Plate well#: F11	
Dispense Stock A: Stock A Vial -> Plate: Plate well#: F12	Perovskite Demo: Dispense Stock A	Stock A Vial	Perovskite Demo Materials	Plate: Plate well#: F12	
Dispense Stock A: Stock A Vial -> Plate: Plate well#: G1	Perovskite Demo: Dispense Stock A	Stock A Vial	Perovskite Demo Materials	Plate: Plate well#: G1	
Dispense Stock A: Stock A Vial -> Plate: Plate well#: G2	Perovskite Demo: Dispense Stock A	Stock A Vial	Perovskite Demo Materials	Plate: Plate well#: G2	
Dispense Stock A: Stock A Vial -> Plate: Plate well#: G3	Perovskite Demo: Dispense Stock A	Stock A Vial	Perovskite Demo Materials	Plate: Plate well#: G3	
Dispense Stock A: Stock A Vial -> Plate: Plate well#: G4	Perovskite Demo: Dispense Stock A	Stock A Vial	Perovskite Demo Materials	Plate: Plate well#: G4	
Dispense Stock A: Stock A Vial -> Plate: Plate well#: G5	Perovskite Demo: Dispense Stock A	Stock A Vial	Perovskite Demo Materials	Plate: Plate well#: G5	
Dispense Stock A: Stock A Vial -> Plate: Plate well#: G6	Perovskite Demo: Dispense Stock A	Stock A Vial	Perovskite Demo Materials	Plate: Plate well#: G6	
Dispense Stock A: Stock A Vial -> Plate: Plate well#: G7	Perovskite Demo: Dispense Stock A	Stock A Vial	Perovskite Demo Materials	Plate: Plate well#: G7	
Dispense Stock A: Stock A Vial -> Plate: Plate well#: G8	Perovskite Demo: Dispense Stock A	Stock A Vial	Perovskite Demo Materials	Plate: Plate well#: G8	
Dispense Stock A: Stock A Vial -> Plate: Plate well#: G9	Perovskite Demo: Dispense Stock A	Stock A Vial	Perovskite Demo Materials	Plate: Plate well#: G9	
Dispense Stock A: Stock A Vial -> Plate: Plate well#: G10	Perovskite Demo: Dispense Stock A	Stock A Vial	Perovskite Demo Materials	Plate: Plate well#: G10	
Dispense Stock A: Stock A Vial -> Plate: Plate well#: G11	Perovskite Demo: Dispense Stock A	Stock A Vial	Perovskite Demo Materials	Plate: Plate well#: G11	
Dispense Stock A: Stock A Vial -> Plate: Plate well#: G12	Perovskite Demo: Dispense Stock A	Stock A Vial	Perovskite Demo Materials	Plate: Plate well#: G12	
Dispense Stock A: Stock A Vial -> Plate: Plate well#: H1	Perovskite Demo: Dispense Stock A	Stock A Vial	Perovskite Demo Materials	Plate: Plate well#: H1	
Dispense Stock A: Stock A Vial -> Plate: Plate well#: H2	Perovskite Demo: Dispense Stock A	Stock A Vial	Perovskite Demo Materials	Plate: Plate well#: H2	
Dispense Stock A: Stock A Vial -> Plate: Plate well#: H3	Perovskite Demo: Dispense Stock A	Stock A Vial	Perovskite Demo Materials	Plate: Plate well#: H3	
Dispense Stock A: Stock A Vial -> Plate: Plate well#: H4	Perovskite Demo: Dispense Stock A	Stock A Vial	Perovskite Demo Materials	Plate: Plate well#: H4	
Dispense Stock A: Stock A Vial -> Plate: Plate well#: H5	Perovskite Demo: Dispense Stock A	Stock A Vial	Perovskite Demo Materials	Plate: Plate well#: H5	
Dispense Stock A: Stock A Vial -> Plate: Plate well#: H6	Perovskite Demo: Dispense Stock A	Stock A Vial	Perovskite Demo Materials	Plate: Plate well#: H6	
Dispense Stock A: Stock A Vial -> Plate: Plate well#: H7	Perovskite Demo: Dispense Stock A	Stock A Vial	Perovskite Demo Materials	Plate: Plate well#: H7	
Dispense Stock A: Stock A Vial -> Plate: Plate well#: H8	Perovskite Demo: Dispense Stock A	Stock A Vial	Perovskite Demo Materials	Plate: Plate well#: H8	
Dispense Stock A: Stock A Vial -> Plate: Plate well#: H9	Perovskite Demo: Dispense Stock A	Stock A Vial	Perovskite Demo Materials	Plate: Plate well#: H9	
Dispense Stock A: Stock A Vial -> Plate: Plate well#: H10	Perovskite Demo: Dispense Stock A	Stock A Vial	Perovskite Demo Materials	Plate: Plate well#: H10	
Dispense Stock A: Stock A Vial -> Plate: Plate well#: H11	Perovskite Demo: Dispense Stock A	Stock A Vial	Perovskite Demo Materials	Plate: Plate well#: H11	
Dispense Stock A: Stock A Vial -> Plate: Plate well#: H12	Perovskite Demo: Dispense Stock A	Stock A Vial	Perovskite Demo Materials	Plate: Plate well#: H12	
Dispense Stock B: Stock B Vial -> Plate: Plate well#: A1	Perovskite Demo: Dispense Stock B	Stock B Vial	Perovskite Demo Materials	Plate: Plate well#: A1	
Dispense Stock B: Stock B Vial -> Plate: Plate well#: A2	Perovskite Demo: Dispense Stock B	Stock B Vial	Perovskite Demo Materials	Plate: Plate well#: A2	
Dispense Stock B: Stock B Vial -> Plate: Plate well#: A3	Perovskite Demo: Dispense Stock B	Stock B Vial	Perovskite Demo Materials	Plate: Plate well#: A3	
Dispense Stock B: Stock B Vial -> Plate: Plate well#: A4	Perovskite Demo: Dispense Stock B	Stock B Vial	Perovskite Demo Materials	Plate: Plate well#: A4	
Dispense Stock B: Stock B Vial -> Plate: Plate well#: A5	Perovskite Demo: Dispense Stock B	Stock B Vial	Perovskite Demo Materials	Plate: Plate well#: A5	
Dispense Stock B: Stock B Vial -> Plate: Plate well#: A6	Perovskite Demo: Dispense Stock B	Stock B Vial	Perovskite Demo Materials	Plate: Plate well#: A6	
Dispense Stock B: Stock B Vial -> Plate: Plate well#: A7	Perovskite Demo: Dispense Stock B	Stock B Vial	Perovskite Demo Materials	Plate: Plate well#: A7	
Dispense Stock B: Stock B Vial -> Plate: Plate well#: A8	Perovskite Demo: Dispense Stock B	Stock B Vial	Perovskite Demo Materials	Plate: Plate well#: A8	
Dispense Stock B: Stock B Vial -> Plate: Plate well#: A9	Perovskite Demo: Dispense Stock B	Stock B Vial	Perovskite Demo Materials	Plate: Plate well#: A9	
Dispense Stock B: Stock B Vial -> Plate: Plate well#: A10	Perovskite Demo: Dispense Stock B	Stock B Vial	Perovskite Demo Materials	Plate: Plate well#: A10	
Dispense Stock B: Stock B Vial -> Plate: Plate well#: A11	Perovskite Demo: Dispense Stock B	Stock B Vial	Perovskite Demo Materials	Plate: Plate well#: A11	
Dispense Stock B: Stock B Vial -> Plate: Plate well#: A12	Perovskite Demo: Dispense Stock B	Stock B Vial	Perovskite Demo Materials	Plate: Plate well#: A12	
Dispense Stock B: Stock B Vial -> Plate: Plate well#: B1	Perovskite Demo: Dispense Stock B	Stock B Vial	Perovskite Demo Materials	Plate: Plate well#: B1	
Dispense Stock B: Stock B Vial -> Plate: Plate well#: B2	Perovskite Demo: Dispense Stock B	Stock B Vial	Perovskite Demo Materials	Plate: Plate well#: B2	
Dispense Stock B: Stock B Vial -> Plate: Plate well#: B3	Perovskite Demo: Dispense Stock B	Stock B Vial	Perovskite Demo Materials	Plate: Plate well#: B3	
Dispense Stock B: Stock B Vial -> Plate: Plate well#: B4	Perovskite Demo: Dispense Stock B	Stock B Vial	Perovskite Demo Materials	Plate: Plate well#: B4	
Dispense Stock B: Stock B Vial -> Plate: Plate well#: B5	Perovskite Demo: Dispense Stock B	Stock B Vial	Perovskite Demo Materials	Plate: Plate well#: B5	
Dispense Stock B: Stock B Vial -> Plate: Plate well#: B6	Perovskite Demo: Dispense Stock B	Stock B Vial	Perovskite Demo Materials	Plate: Plate well#: B6	
Dispense Stock B: Stock B Vial -> Plate: Plate well#: B7	Perovskite Demo: Dispense Stock B	Stock B Vial	Perovskite Demo Materials	Plate: Plate well#: B7	
Dispense Stock B: Stock B Vial -> Plate: Plate well#: B8	Perovskite Demo: Dispense Stock B	Stock B Vial	Perovskite Demo Materials	Plate: Plate well#: B8	
Dispense Stock B: Stock B Vial -> Plate: Plate well#: B9	Perovskite Demo: Dispense Stock B	Stock B Vial	Perovskite Demo Materials	Plate: Plate well#: B9	
Dispense Stock B: Stock B Vial -> Plate: Plate well#: B10	Perovskite Demo: Dispense Stock B	Stock B Vial	Perovskite Demo Materials	Plate: Plate well#: B10	
Dispense Stock B: Stock B Vial -> Plate: Plate well#: B11	Perovskite Demo: Dispense Stock B	Stock B Vial	Perovskite Demo Materials	Plate: Plate well#: B11	
Dispense Stock B: Stock B Vial -> Plate: Plate well#: B12	Perovskite Demo: Dispense Stock B	Stock B Vial	Perovskite Demo Materials	Plate: Plate well#: B12	
Dispense Stock B: Stock B Vial -> Plate: Plate well#: C1	Perovskite Demo: Dispense Stock B	Stock B Vial	Perovskite Demo Materials	Plate: Plate well#: C1	
Dispense Stock B: Stock B Vial -> Plate: Plate well#: C2	Perovskite Demo: Dispense Stock B	Stock B Vial	Perovskite Demo Materials	Plate: Plate well#: C2	
Dispense Stock B: Stock B Vial -> Plate: Plate well#: C3	Perovskite Demo: Dispense Stock B	Stock B Vial	Perovskite Demo Materials	Plate: Plate well#: C3	
Dispense Stock B: Stock B Vial -> Plate: Plate well#: C4	Perovskite Demo: Dispense Stock B	Stock B Vial	Perovskite Demo Materials	Plate: Plate well#: C4	
Dispense Stock B: Stock B Vial -> Plate: Plate well#: C5	Perovskite Demo: Dispense Stock B	Stock B Vial	Perovskite Demo Materials	Plate: Plate well#: C5	
Dispense Stock B: Stock B Vial -> Plate: Plate well#: C6	Perovskite Demo: Dispense Stock B	Stock B Vial	Perovskite Demo Materials	Plate: Plate well#: C6	
Dispense Stock B: Stock B Vial -> Plate: Plate well#: C7	Perovskite Demo: Dispense Stock B	Stock B Vial	Perovskite Demo Materials	Plate: Plate well#: C7	
Dispense Stock B: Stock B Vial -> Plate: Plate well#: C8	Perovskite Demo: Dispense Stock B	Stock B Vial	Perovskite Demo Materials	Plate: Plate well#: C8	
Dispense Stock B: Stock B Vial -> Plate: Plate well#: C9	Perovskite Demo: Dispense Stock B	Stock B Vial	Perovskite Demo Materials	Plate: Plate well#: C9	
Dispense Stock B: Stock B Vial -> Plate: Plate well#: C10	Perovskite Demo: Dispense Stock B	Stock B Vial	Perovskite Demo Materials	Plate: Plate well#: C10	
Dispense Stock B: Stock B Vial -> Plate: Plate well#: C11	Perovskite Demo: Dispense Stock B	Stock B Vial	Perovskite Demo Materials	Plate: Plate well#: C11	
Dispense Stock B: Stock B Vial -> Plate: Plate well#: C12	Perovskite Demo: Dispense Stock B	Stock B Vial	Perovskite Demo Materials	Plate: Plate well#: C12	
Dispense Stock B: Stock B Vial -> Plate: Plate well#: D1	Perovskite Demo: Dispense Stock B	Stock B Vial	Perovskite Demo Materials	Plate: Plate well#: D1	
Dispense Stock B: Stock B Vial -> Plate: Plate well#: D2	Perovskite Demo: Dispense Stock B	Stock B Vial	Perovskite Demo Materials	Plate: Plate well#: D2	
Dispense Stock B: Stock B Vial -> Plate: Plate well#: D3	Perovskite Demo: Dispense Stock B	Stock B Vial	Perovskite Demo Materials	Plate: Plate well#: D3	
Dispense Stock B: Stock B Vial -> Plate: Plate well#: D4	Perovskite Demo: Dispense Stock B	Stock B Vial	Perovskite Demo Materials	Plate: Plate well#: D4	
Dispense Stock B: Stock B Vial -> Plate: Plate well#: D5	Perovskite Demo: Dispense Stock B	Stock B Vial	Perovskite Demo Materials	Plate: Plate well#: D5	
Dispense Stock B: Stock B Vial -> Plate: Plate well#: D6	Perovskite Demo: Dispense Stock B	Stock B Vial	Perovskite Demo Materials	Plate: Plate well#: D6	
Dispense Stock B: Stock B Vial -> Plate: Plate well#: D7	Perovskite Demo: Dispense Stock B	Stock B Vial	Perovskite Demo Materials	Plate: Plate well#: D7	
Dispense Stock B: Stock B Vial -> Plate: Plate well#: D8	Perovskite Demo: Dispense Stock B	Stock B Vial	Perovskite Demo Materials	Plate: Plate well#: D8	
Dispense Stock B: Stock B Vial -> Plate: Plate well#: D9	Perovskite Demo: Dispense Stock B	Stock B Vial	Perovskite Demo Materials	Plate: Plate well#: D9	
Dispense Stock B: Stock B Vial -> Plate: Plate well#: D10	Perovskite Demo: Dispense Stock B	Stock B Vial	Perovskite Demo Materials	Plate: Plate well#: D10	
Dispense Stock B: Stock B Vial -> Plate: Plate well#: D11	Perovskite Demo: Dispense Stock B	Stock B Vial	Perovskite Demo Materials	Plate: Plate well#: D11	
Dispense Stock B: Stock B Vial -> Plate: Plate well#: D12	Perovskite Demo: Dispense Stock B	Stock B Vial	Perovskite Demo Materials	Plate: Plate well#: D12	
Dispense Stock B: Stock B Vial -> Plate: Plate well#: E1	Perovskite Demo: Dispense Stock B	Stock B Vial	Perovskite Demo Materials	Plate: Plate well#: E1	
Dispense Stock B: Stock B Vial -> Plate: Plate well#: E2	Perovskite Demo: Dispense Stock B	Stock B Vial	Perovskite Demo Materials	Plate: Plate well#: E2	
Dispense Stock B: Stock B Vial -> Plate: Plate well#: E3	Perovskite Demo: Dispense Stock B	Stock B Vial	Perovskite Demo Materials	Plate: Plate well#: E3	
Dispense Stock B: Stock B Vial -> Plate: Plate well#: E4	Perovskite Demo: Dispense Stock B	Stock B Vial	Perovskite Demo Materials	Plate: Plate well#: E4	
Dispense Stock B: Stock B Vial -> Plate: Plate well#: E5	Perovskite Demo: Dispense Stock B	Stock B Vial	Perovskite Demo Materials	Plate: Plate well#: E5	
Dispense Stock B: Stock B Vial -> Plate: Plate well#: E6	Perovskite Demo: Dispense Stock B	Stock B Vial	Perovskite Demo Materials	Plate: Plate well#: E6	
Dispense Stock B: Stock B Vial -> Plate: Plate well#: E7	Perovskite Demo: Dispense Stock B	Stock B Vial	Perovskite Demo Materials	Plate: Plate well#: E7	
Dispense Stock B: Stock B Vial -> Plate: Plate well#: E8	Perovskite Demo: Dispense Stock B	Stock B Vial	Perovskite Demo Materials	Plate: Plate well#: E8	
Dispense Stock B: Stock B Vial -> Plate: Plate well#: E9	Perovskite Demo: Dispense Stock B	Stock B Vial	Perovskite Demo Materials	Plate: Plate well#: E9	
Dispense Stock B: Stock B Vial -> Plate: Plate well#: E10	Perovskite Demo: Dispense Stock B	Stock B Vial	Perovskite Demo Materials	Plate: Plate well#: E10	
Dispense Stock B: Stock B Vial -> Plate: Plate well#: E11	Perovskite Demo: Dispense Stock B	Stock B Vial	Perovskite Demo Materials	Plate: Plate well#: E11	
Dispense Stock B: Stock B Vial -> Plate: Plate well#: E12	Perovskite Demo: Dispense Stock B	Stock B Vial	Perovskite Demo Materials	Plate: Plate well#: E12	
Dispense Stock B: Stock B Vial -> Plate: Plate well#: F1	Perovskite Demo: Dispense Stock B	Stock B Vial	Perovskite Demo Materials	Plate: Plate well#: F1	
Dispense Stock B: Stock B Vial -> Plate: Plate well#: F2	Perovskite Demo: Dispense Stock B	Stock B Vial	Perovskite Demo Materials	Plate: Plate well#: F2	
Dispense Stock B: Stock B Vial -> Plate: Plate well#: F3	Perovskite Demo: Dispense Stock B	Stock B Vial	Perovskite Demo Materials	Plate: Plate well#: F3	
Dispense Stock B: Stock B Vial -> Plate: Plate well#: F4	Perovskite Demo: Dispense Stock B	Stock B Vial	Perovskite Demo Materials	Plate: Plate well#: F4	
Dispense Stock B: Stock B Vial -> Plate: Plate well#: F5	Perovskite Demo: Dispense Stock B	Stock B Vial	Perovskite Demo Materials	Plate: Plate well#: F5	
Dispense Stock B: Stock B Vial -> Plate: Plate well#: F6	Perovskite Demo: Dispense Stock B	Stock B Vial	Perovskite Demo Materials	Plate: Plate well#: F6	
Dispense Stock B: Stock B Vial -> Plate: Plate well#: F7	Perovskite Demo: Dispense Stock B	Stock B Vial	Perovskite Demo Materials	Plate: Plate well#: F7	
Dispense Stock B: Stock B Vial -> Plate: Plate well#: F8	Perovskite Demo: Dispense Stock B	Stock B Vial	Perovskite Demo Materials	Plate: Plate well#: F8	
Dispense Stock B: Stock B Vial -> Plate: Plate well#: F9	Perovskite Demo: Dispense Stock B	Stock B Vial	Perovskite Demo Materials	Plate: Plate well#: F9	
Dispense Stock B: Stock B Vial -> Plate: Plate well#: F10	Perovskite Demo: Dispense Stock B	Stock B Vial	Perovskite Demo Materials	Plate: Plate well#: F10	
Dispense Stock B: Stock B Vial -> Plate: Plate well#: F11	Perovskite Demo: Dispense Stock B	Stock B Vial	Perovskite Demo Materials	Plate: Plate well#: F11	
Dispense Stock B: Stock B Vial -> Plate: Plate well#: F12	Perovskite Demo: Dispense Stock B	Stock B Vial	Perovskite Demo Materials	Plate: Plate well#: F12	
Dispense Stock B: Stock B Vial -> Plate: Plate well#: G1	Perovskite Demo: Dispense Stock B	Stock B Vial	Perovskite Demo Materials	Plate: Plate well#: G1	
Dispense Stock B: Stock B Vial -> Plate: Plate well#: G2	Perovskite Demo: Dispense Stock B	Stock B Vial	Perovskite Demo Materials	Plate: Plate well#: G2	
Dispense Stock B: Stock B Vial -> Plate: Plate well#: G3	Perovskite Demo: Dispense Stock B	Stock B Vial	Perovskite Demo Materials	Plate: Plate well#: G3	
Dispense Stock B: Stock B Vial -> Plate: Plate well#: G4	Perovskite Demo: Dispense Stock B	Stock B Vial	Perovskite Demo Materials	Plate: Plate well#: G4	
Dispense Stock B: Stock B Vial -> Plate: Plate well#: G5	Perovskite Demo: Dispense Stock B	Stock B Vial	Perovskite Demo Materials	Plate: Plate well#: G5	
Dispense Stock B: Stock B Vial -> Plate: Plate well#: G6	Perovskite Demo: Dispense Stock B	Stock B Vial	Perovskite Demo Materials	Plate: Plate well#: G6	
Dispense Stock B: Stock B Vial -> Plate: Plate well#: G7	Perovskite Demo: Dispense Stock B	Stock B Vial	Perovskite Demo Materials	Plate: Plate well#: G7	
Dispense Stock B: Stock B Vial -> Plate: Plate well#: G8	Perovskite Demo: Dispense Stock B	Stock B Vial	Perovskite Demo Materials	Plate: Plate well#: G8	
Dispense Stock B: Stock B Vial -> Plate: Plate well#: G9	Perovskite Demo: Dispense Stock B	Stock B Vial	Perovskite Demo Materials	Plate: Plate well#: G9	
Dispense Stock B: Stock B Vial -> Plate: Plate well#: G10	Perovskite Demo: Dispense Stock B	Stock B Vial	Perovskite Demo Materials	Plate: Plate well#: G10	
Dispense Stock B: Stock B Vial -> Plate: Plate well#: G11	Perovskite Demo: Dispense Stock B	Stock B Vial	Perovskite Demo Materials	Plate: Plate well#: G11	
Dispense Stock B: Stock B Vial -> Plate: Plate well#: G12	Perovskite Demo: Dispense Stock B	Stock B Vial	Perovskite Demo Materials	Plate: Plate well#: G12	
Dispense Stock B: Stock B Vial -> Plate: Plate well#: H1	Perovskite Demo: Dispense Stock B	Stock B Vial	Perovskite Demo Materials	Plate: Plate well#: H1	
Dispense Stock B: Stock B Vial -> Plate: Plate well#: H2	Perovskite Demo: Dispense Stock B	Stock B Vial	Perovskite Demo Materials	Plate: Plate well#: H2	
Dispense Stock B: Stock B Vial -> Plate: Plate well#: H3	Perovskite Demo: Dispense Stock B	Stock B Vial	Perovskite Demo Materials	Plate: Plate well#: H3	
Dispense Stock B: Stock B Vial -> Plate: Plate well#: H4	Perovskite Demo: Dispense Stock B	Stock B Vial	Perovskite Demo Materials	Plate: Plate well#: H4	
Dispense Stock B: Stock B Vial -> Plate: Plate well#: H5	Perovskite Demo: Dispense Stock B	Stock B Vial	Perovskite Demo Materials	Plate: Plate well#: H5	
Dispense Stock B: Stock B Vial -> Plate: Plate well#: H6	Perovskite Demo: Dispense Stock B	Stock B Vial	Perovskite Demo Materials	Plate: Plate well#: H6	
Dispense Stock B: Stock B Vial -> Plate: Plate well#: H7	Perovskite Demo: Dispense Stock B	Stock B Vial	Perovskite Demo Materials	Plate: Plate well#: H7	
Dispense Stock B: Stock B Vial -> Plate: Plate well#: H8	Perovskite Demo: Dispense Stock B	Stock B Vial	Perovskite Demo Materials	Plate: Plate well#: H8	
Dispense Stock B: Stock B Vial -> Plate: Plate well#: H9	Perovskite Demo: Dispense Stock B	Stock B Vial	Perovskite Demo Materials	Plate: Plate well#: H9	
Dispense Stock B: Stock B Vial -> Plate: Plate well#: H10	Perovskite Demo: Dispense Stock B	Stock B Vial	Perovskite Demo Materials	Plate: Plate well#: H10	
Dispense Stock B: Stock B Vial -> Plate: Plate well#: H11	Perovskite Demo: Dispense Stock B	Stock B Vial	Perovskite Demo Materials	Plate: Plate well#: H11	
Dispense Stock B: Stock B Vial -> Plate: Plate well#: H12	Perovskite Demo: Dispense Stock B	Stock B Vial	Perovskite Demo Materials	Plate: Plate well#: H12	
Dispense Acid Vol 1: Acid -> Plate: Plate well#: A1	Perovskite Demo: Dispense Acid Vol 1	Acid	Perovskite Demo Materials	Plate: Plate well#: A1	
Dispense Acid Vol 1: Acid -> Plate: Plate well#: A2	Perovskite Demo: Dispense Acid Vol 1	Acid	Perovskite Demo Materials	Plate: Plate well#: A2	
Dispense Acid Vol 1: Acid -> Plate: Plate well#: A3	Perovskite Demo: Dispense Acid Vol 1	Acid	Perovskite Demo Materials	Plate: Plate well#: A3	
Dispense Acid Vol 1: Acid -> Plate: Plate well#: A4	Perovskite Demo: Dispense Acid Vol 1	Acid	Perovskite Demo Materials	Plate: Plate well#: A4	
Dispense Acid Vol 1: Acid -> Plate: Plate well#: A5	Perovskite Demo: Dispense Acid Vol 1	Acid	Perovskite Demo Materials	Plate: Plate well#: A5	
Dispense Acid Vol 1: Acid -> Plate: Plate well#: A6	Perovskite Demo: Dispense Acid Vol 1	Acid	Perovskite Demo Materials	Plate: Plate well#: A6	
Dispense Acid Vol 1: Acid -> Plate: Plate well#: A7	Perovskite Demo: Dispense Acid Vol 1	Acid	Perovskite Demo Materials	Plate: Plate well#: A7	
Dispense Acid Vol 1: Acid -> Plate: Plate well#: A8	Perovskite Demo: Dispense Acid Vol 1	Acid	Perovskite Demo Materials	Plate: Plate well#: A8	
Dispense Acid Vol 1: Acid -> Plate: Plate well#: A9	Perovskite Demo: Dispense Acid Vol 1	Acid	Perovskite Demo Materials	Plate: Plate well#: A9	
Dispense Acid Vol 1: Acid -> Plate: Plate well#: A10	Perovskite Demo: Dispense Acid Vol 1	Acid	Perovskite Demo Materials	Plate: Plate well#: A10	
Dispense Acid Vol 1: Acid -> Plate: Plate well#: A11	Perovskite Demo: Dispense Acid Vol 1	Acid	Perovskite Demo Materials	Plate: Plate well#: A11	
Dispense Acid Vol 1: Acid -> Plate: Plate well#: A12	Perovskite Demo: Dispense Acid Vol 1	Acid	Perovskite Demo Materials	Plate: Plate well#: A12	
Dispense Acid Vol 1: Acid -> Plate: Plate well#: B1	Perovskite Demo: Dispense Acid Vol 1	Acid	Perovskite Demo Materials	Plate: Plate well#: B1	
Dispense Acid Vol 1: Acid -> Plate: Plate well#: B2	Perovskite Demo: Dispense Acid Vol 1	Acid	Perovskite Demo Materials	Plate: Plate well#: B2	
Dispense Acid Vol 1: Acid -> Plate: Plate well#: B3	Perovskite Demo: Dispense Acid Vol 1	Acid	Perovskite Demo Materials	Plate: Plate well#: B3	
Dispense Acid Vol 1: Acid -> Plate: Plate well#: B4	Perovskite Demo: Dispense Acid Vol 1	Acid	Perovskite Demo Materials	Plate: Plate well#: B4	
Dispense Acid Vol 1: Acid -> Plate: Plate well#: B5	Perovskite Demo: Dispense Acid Vol 1	Acid	Perovskite Demo Materials	Plate: Plate well#: B5	
Dispense Acid Vol 1: Acid -> Plate: Plate well#: B6	Perovskite Demo: Dispense Acid Vol 1	Acid	Perovskite Demo Materials	Plate: Plate well#: B6	
Dispense Acid Vol 1: Acid -> Plate: Plate well#: B7	Perovskite Demo: Dispense Acid Vol 1	Acid	Perovskite Demo Materials	Plate: Plate well#: B7	
Dispense Acid Vol 1: Acid -> Plate: Plate well#: B8	Perovskite Demo: Dispense Acid Vol 1	Acid	Perovskite Demo Materials	Plate: Plate well#: B8	
Dispense Acid Vol 1: Acid -> Plate: Plate well#: B9	Perovskite Demo: Dispense Acid Vol 1	Acid	Perovskite Demo Materials	Plate: Plate well#: B9	
Dispense Acid Vol 1: Acid -> Plate: Plate well#: B10	Perovskite Demo: Dispense Acid Vol 1	Acid	Perovskite Demo Materials	Plate: Plate well#: B10	
Dispense Acid Vol 1: Acid -> Plate: Plate well#: B11	Perovskite Demo: Dispense Acid Vol 1	Acid	Perovskite Demo Materials	Plate: Plate well#: B11	
Dispense Acid Vol 1: Acid -> Plate: Plate well#: B12	Perovskite Demo: Dispense Acid Vol 1	Acid	Perovskite Demo Materials	Plate: Plate well#: B12	
Dispense Acid Vol 1: Acid -> Plate: Plate well#: C1	Perovskite Demo: Dispense Acid Vol 1	Acid	Perovskite Demo Materials	Plate: Plate well#: C1	
Dispense Acid Vol 1: Acid -> Plate: Plate well#: C2	Perovskite Demo: Dispense Acid Vol 1	Acid	Perovskite Demo Materials	Plate: Plate well#: C2	
Dispense Acid Vol 1: Acid -> Plate: Plate well#: C3	Perovskite Demo: Dispense Acid Vol 1	Acid	Perovskite Demo Materials	Plate: Plate well#: C3	
Dispense Acid Vol 1: Acid -> Plate: Plate well#: C4	Perovskite Demo: Dispense Acid Vol 1	Acid	Perovskite Demo Materials	Plate: Plate well#: C4	
Dispense Acid Vol 1: Acid -> Plate: Plate well#: C5	Perovskite Demo: Dispense Acid Vol 1	Acid	Perovskite Demo Materials	Plate: Plate well#: C5	
Dispense Acid Vol 1: Acid -> Plate: Plate well#: C6	Perovskite Demo: Dispense Acid Vol 1	Acid	Perovskite Demo Materials	Plate: Plate well#: C6	
Dispense Acid Vol 1: Acid -> Plate: Plate well#: C7	Perovskite Demo: Dispense Acid Vol 1	Acid	Perovskite Demo Materials	Plate: Plate well#: C7	
Dispense Acid Vol 1: Acid -> Plate: Plate well#: C8	Perovskite Demo: Dispense Acid Vol 1	Acid	Perovskite Demo Materials	Plate: Plate well#: C8	
Dispense Acid Vol 1: Acid -> Plate: Plate well#: C9	Perovskite Demo: Dispense Acid Vol 1	Acid	Perovskite Demo Materials	Plate: Plate well#: C9	
Dispense Acid Vol 1: Acid -> Plate: Plate well#: C10	Perovskite Demo: Dispense Acid Vol 1	Acid	Perovskite Demo Materials	Plate: Plate well#: C10	
Dispense Acid Vol 1: Acid -> Plate: Plate well#: C11	Perovskite Demo: Dispense Acid Vol 1	Acid	Perovskite Demo Materials	Plate: Plate well#: C11	
Dispense Acid Vol 1: Acid -> Plate: Plate well#: C12	Perovskite Demo: Dispense Acid Vol 1	Acid	Perovskite Demo Materials	Plate: Plate well#: C12	
Dispense Acid Vol 1: Acid -> Plate: Plate well#: D1	Perovskite Demo: Dispense Acid Vol 1	Acid	Perovskite Demo Materials	Plate: Plate well#: D1	
Dispense Acid Vol 1: Acid -> Plate: Plate well#: D2	Perovskite Demo: Dispense Acid Vol 1	Acid	Perovskite Demo Materials	Plate: Plate well#: D2	
Dispense Acid Vol 1: Acid -> Plate: Plate well#: D3	Perovskite Demo: Dispense Acid Vol 1	Acid	Perovskite Demo Materials	Plate: Plate well#: D3	
Dispense Acid Vol 1: Acid -> Plate: Plate well#: D4	Perovskite Demo: Dispense Acid Vol 1	Acid	Perovskite Demo Materials	Plate: Plate well#: D4	
Dispense Acid Vol 1: Acid -> Plate: Plate well#: D5	Perovskite Demo: Dispense Acid Vol 1	Acid	Perovskite Demo Materials	Plate: Plate well#: D5	
Dispense Acid Vol 1: Acid -> Plate: Plate well#: D6	Perovskite Demo: Dispense Acid Vol 1	Acid	Perovskite Demo Materials	Plate: Plate well#: D6	
Dispense Acid Vol 1: Acid -> Plate: Plate well#: D7	Perovskite Demo: Dispense Acid Vol 1	Acid	Perovskite Demo Materials	Plate: Plate well#: D7	
Dispense Acid Vol 1: Acid -> Plate: Plate well#: D8	Perovskite Demo: Dispense Acid Vol 1	Acid	Perovskite Demo Materials	Plate: Plate well#: D8	
Dispense Acid Vol 1: Acid -> Plate: Plate well#: D9	Perovskite Demo: Dispense Acid Vol 1	Acid	Perovskite Demo Materials	Plate: Plate well#: D9	
Dispense Acid Vol 1: Acid -> Plate: Plate well#: D10	Perovskite Demo: Dispense Acid Vol 1	Acid	Perovskite Demo Materials	Plate: Plate well#: D10	
Dispense Acid Vol 1: Acid -> Plate: Plate well#: D11	Perovskite Demo: Dispense Acid Vol 1	Acid	Perovskite Demo Materials	Plate: Plate well#: D11	
Dispense Acid Vol 1: Acid -> Plate: Plate well#: D12	Perovskite Demo: Dispense Acid Vol 1	Acid	Perovskite Demo Materials	Plate: Plate well#: D12	
Dispense Acid Vol 1: Acid -> Plate: Plate well#: E1	Perovskite Demo: Dispense Acid Vol 1	Acid	Perovskite Demo Materials	Plate: Plate well#: E1	
Dispense Acid Vol 1: Acid -> Plate: Plate well#: E2	Perovskite Demo: Dispense Acid Vol 1	Acid	Perovskite Demo Materials	Plate: Plate well#: E2	
Dispense Acid Vol 1: Acid -> Plate: Plate well#: E3	Perovskite Demo: Dispense Acid Vol 1	Acid	Perovskite Demo Materials	Plate: Plate well#: E3	
Dispense Acid Vol 1: Acid -> Plate: Plate well#: E4	Perovskite Demo: Dispense Acid Vol 1	Acid	Perovskite Demo Materials	Plate: Plate well#: E4	
Dispense Acid Vol 1: Acid -> Plate: Plate well#: E5	Perovskite Demo: Dispense Acid Vol 1	Acid	Perovskite Demo Materials	Plate: Plate well#: E5	
Dispense Acid Vol 1: Acid -> Plate: Plate well#: E6	Perovskite Demo: Dispense Acid Vol 1	Acid	Perovskite Demo Materials	Plate: Plate well#: E6	
Dispense Acid Vol 1: Acid -> Plate: Plate well#: E7	Perovskite Demo: Dispense Acid Vol 1	Acid	Perovskite Demo Materials	Plate: Plate well#: E7	
Dispense Acid Vol 1: Acid -> Plate: Plate well#: E8	Perovskite Demo: Dispense Acid Vol 1	Acid	Perovskite Demo Materials	Plate: Plate well#: E8	
Dispense Acid Vol 1: Acid -> Plate: Plate well#: E9	Perovskite Demo: Dispense Acid Vol 1	Acid	Perovskite Demo Materials	Plate: Plate well#: E9	
Dispense Acid Vol 1: Acid -> Plate: Plate well#: E10	Perovskite Demo: Dispense Acid Vol 1	Acid	Perovskite Demo Materials	Plate: Plate well#: E10	
Dispense Acid Vol 1: Acid -> Plate: Plate well#: E11	Perovskite Demo: Dispense Acid Vol 1	Acid	Perovskite Demo Materials	Plate: Plate well#: E11	
Dispense Acid Vol 1: Acid -> Plate: Plate well#: E12	Perovskite Demo: Dispense Acid Vol 1	Acid	Perovskite Demo Materials	Plate: Plate well#: E12	
Dispense Acid Vol 1: Acid -> Plate: Plate well#: F1	Perovskite Demo: Dispense Acid Vol 1	Acid	Perovskite Demo Materials	Plate: Plate well#: F1	
Dispense Acid Vol 1: Acid -> Plate: Plate well#: F2	Perovskite Demo: Dispense Acid Vol 1	Acid	Perovskite Demo Materials	Plate: Plate well#: F2	
Dispense Acid Vol 1: Acid -> Plate: Plate well#: F3	Perovskite Demo: Dispense Acid Vol 1	Acid	Perovskite Demo Materials	Plate: Plate well#: F3	
Dispense Acid Vol 1: Acid -> Plate: Plate well#: F4	Perovskite Demo: Dispense Acid Vol 1	Acid	Perovskite Demo Materials	Plate: Plate well#: F4	
Dispense Acid Vol 1: Acid -> Plate: Plate well#: F5	Perovskite Demo: Dispense Acid Vol 1	Acid	Perovskite Demo Materials	Plate: Plate well#: F5	
Dispense Acid Vol 1: Acid -> Plate: Plate well#: F6	Perovskite Demo: Dispense Acid Vol 1	Acid	Perovskite Demo Materials	Plate: Plate well#: F6	
Dispense Acid Vol 1: Acid -> Plate: Plate well#: F7	Perovskite Demo: Dispense Acid Vol 1	Acid	Perovskite Demo Materials	Plate: Plate well#: F7	
Dispense Acid Vol 1: Acid -> Plate: Plate well#: F8	Perovskite Demo: Dispense Acid Vol 1	Acid	Perovskite Demo Materials	Plate: Plate well#: F8	
Dispense Acid Vol 1: Acid -> Plate: Plate well#: F9	Perovskite Demo: Dispense Acid Vol 1	Acid	Perovskite Demo Materials	Plate: Plate well#: F9	
Dispense Acid Vol 1: Acid -> Plate: Plate well#: F10	Perovskite Demo: Dispense Acid Vol 1	Acid	Perovskite Demo Materials	Plate: Plate well#: F10	
Dispense Acid Vol 1: Acid -> Plate: Plate well#: F11	Perovskite Demo: Dispense Acid Vol 1	Acid	Perovskite Demo Materials	Plate: Plate well#: F11	
Dispense Acid Vol 1: Acid -> Plate: Plate well#: F12	Perovskite Demo: Dispense Acid Vol 1	Acid	Perovskite Demo Materials	Plate: Plate well#: F12	
Dispense Acid Vol 1: Acid -> Plate: Plate well#: G1	Perovskite Demo: Dispense Acid Vol 1	Acid	Perovskite Demo Materials	Plate: Plate well#: G1	
Dispense Acid Vol 1: Acid -> Plate: Plate well#: G2	Perovskite Demo: Dispense Acid Vol 1	Acid	Perovskite Demo Materials	Plate: Plate well#: G2	
Dispense Acid Vol 1: Acid -> Plate: Plate well#: G3	Perovskite Demo: Dispense Acid Vol 1	Acid	Perovskite Demo Materials	Plate: Plate well#: G3	
Dispense Acid Vol 1: Acid -> Plate: Plate well#: G4	Perovskite Demo: Dispense Acid Vol 1	Acid	Perovskite Demo Materials	Plate: Plate well#: G4	
Dispense Acid Vol 1: Acid -> Plate: Plate well#: G5	Perovskite Demo: Dispense Acid Vol 1	Acid	Perovskite Demo Materials	Plate: Plate well#: G5	
Dispense Acid Vol 1: Acid -> Plate: Plate well#: G6	Perovskite Demo: Dispense Acid Vol 1	Acid	Perovskite Demo Materials	Plate: Plate well#: G6	
Dispense Acid Vol 1: Acid -> Plate: Plate well#: G7	Perovskite Demo: Dispense Acid Vol 1	Acid	Perovskite Demo Materials	Plate: Plate well#: G7	
Dispense Acid Vol 1: Acid -> Plate: Plate well#: G8	Perovskite Demo: Dispense Acid Vol 1	Acid	Perovskite Demo Materials	Plate: Plate well#: G8	
Dispense Acid Vol 1: Acid -> Plate: Plate well#: G9	Perovskite Demo: Dispense Acid Vol 1	Acid	Perovskite Demo Materials	Plate: Plate well#: G9	
Dispense Acid Vol 1: Acid -> Plate: Plate well#: G10	Perovskite Demo: Dispense Acid Vol 1	Acid	Perovskite Demo Materials	Plate: Plate well#: G10	
Dispense Acid Vol 1: Acid -> Plate: Plate well#: G11	Perovskite Demo: Dispense Acid Vol 1	Acid	Perovskite Demo Materials	Plate: Plate well#: G11	
Dispense Acid Vol 1: Acid -> Plate: Plate well#: G12	Perovskite Demo: Dispense Acid Vol 1	Acid	Perovskite Demo Materials	Plate: Plate well#: G12	
Dispense Acid Vol 1: Acid -> Plate: Plate well#: H1	Perovskite Demo: Dispense Acid Vol 1	Acid	Perovskite Demo Materials	Plate: Plate well#: H1	
Dispense Acid Vol 1: Acid -> Plate: Plate well#: H2	Perovskite Demo: Dispense Acid Vol 1	Acid	Perovskite Demo Materials	Plate: Plate well#: H2	
Dispense Acid Vol 1: Acid -> Plate: Plate well#: H3	Perovskite Demo: Dispense Acid Vol 1	Acid	Perovskite Demo Materials	Plate: Plate well#: H3	
Dispense Acid Vol 1: Acid -> Plate: Plate well#: H4	Perovskite Demo: Dispense Acid Vol 1	Acid	Perovskite Demo Materials	Plate: Plate well#: H4	
Dispense Acid Vol 1: Acid -> Plate: Plate well#: H5	Perovskite Demo: Dispense Acid Vol 1	Acid	Perovskite Demo Materials	Plate: Plate well#: H5	
Dispense Acid Vol 1: Acid -> Plate: Plate well#: H6	Perovskite Demo: Dispense Acid Vol 1	Acid	Perovskite Demo Materials	Plate: Plate well#: H6	
Dispense Acid Vol 1: Acid -> Plate: Plate well#: H7	Perovskite Demo: Dispense Acid Vol 1	Acid	Perovskite Demo Materials	Plate: Plate well#: H7	
Dispense Acid Vol 1: Acid -> Plate: Plate well#: H8	Perovskite Demo: Dispense Acid Vol 1	Acid	Perovskite Demo Materials	Plate: Plate well#: H8	
Dispense Acid Vol 1: Acid -> Plate: Plate well#: H9	Perovskite Demo: Dispense Acid Vol 1	Acid	Perovskite Demo Materials	Plate: Plate well#: H9	
Dispense Acid Vol 1: Acid -> Plate: Plate well#: H10	Perovskite Demo: Dispense Acid Vol 1	Acid	Perovskite Demo Materials	Plate: Plate well#: H10	
Dispense Acid Vol 1: Acid -> Plate: Plate well#: H11	Perovskite Demo: Dispense Acid Vol 1	Acid	Perovskite Demo Materials	Plate: Plate well#: H11	
Dispense Acid Vol 1: Acid -> Plate: Plate well#: H12	Perovskite Demo: Dispense Acid Vol 1	Acid	Perovskite Demo Materials	Plate: Plate well#: H12	
Dispense Acid Vol 2: Acid -> Plate: Plate well#: A1	Perovskite Demo: Dispense Acid Vol 2	Acid	Perovskite Demo Materials	Plate: Plate well#: A1	
Dispense Acid Vol 2: Acid -> Plate: Plate well#: A2	Perovskite Demo: Dispense Acid Vol 2	Acid	Perovskite Demo Materials	Plate: Plate well#: A2	
Dispense Acid Vol 2: Acid -> Plate: Plate well#: A3	Perovskite Demo: Dispense Acid Vol 2	Acid	Perovskite Demo Materials	Plate: Plate well#: A3	
Dispense Acid Vol 2: Acid -> Plate: Plate well#: A4	Perovskite Demo: Dispense Acid Vol 2	Acid	Perovskite Demo Materials	Plate: Plate well#: A4	
Dispense Acid Vol 2: Acid -> Plate: Plate well#: A5	Perovskite Demo: Dispense Acid Vol 2	Acid	Perovskite Demo Materials	Plate: Plate well#: A5	
Dispense Acid Vol 2: Acid -> Plate: Plate well#: A6	Perovskite Demo: Dispense Acid Vol 2	Acid	Perovskite Demo Materials	Plate: Plate well#: A6	
Dispense Acid Vol 2: Acid -> Plate: Plate well#: A7	Perovskite Demo: Dispense Acid Vol 2	Acid	Perovskite Demo Materials	Plate: Plate well#: A7	
Dispense Acid Vol 2: Acid -> Plate: Plate well#: A8	Perovskite Demo: Dispense Acid Vol 2	Acid	Perovskite Demo Materials	Plate: Plate well#: A8	
Dispense Acid Vol 2: Acid -> Plate: Plate well#: A9	Perovskite Demo: Dispense Acid Vol 2	Acid	Perovskite Demo Materials	Plate: Plate well#: A9	
Dispense Acid Vol 2: Acid -> Plate: Plate well#: A10	Perovskite Demo: Dispense Acid Vol 2	Acid	Perovskite Demo Materials	Plate: Plate well#: A10	
Dispense Acid Vol 2: Acid -> Plate: Plate well#: A11	Perovskite Demo: Dispense Acid Vol 2	Acid	Perovskite Demo Materials	Plate: Plate well#: A11	
Dispense Acid Vol 2: Acid -> Plate: Plate well#: A12	Perovskite Demo: Dispense Acid Vol 2	Acid	Perovskite Demo Materials	Plate: Plate well#: A12	
Dispense Acid Vol 2: Acid -> Plate: Plate well#: B1	Perovskite Demo: Dispense Acid Vol 2	Acid	Perovskite Demo Materials	Plate: Plate well#: B1	
Dispense Acid Vol 2: Acid -> Plate: Plate well#: B2	Perovskite Demo: Dispense Acid Vol 2	Acid	Perovskite Demo Materials	Plate: Plate well#: B2	
Dispense Acid Vol 2: Acid -> Plate: Plate well#: B3	Perovskite Demo: Dispense Acid Vol 2	Acid	Perovskite Demo Materials	Plate: Plate well#: B3	
Dispense Acid Vol 2: Acid -> Plate: Plate well#: B4	Perovskite Demo: Dispense Acid Vol 2	Acid	Perovskite Demo Materials	Plate: Plate well#: B4	
Dispense Acid Vol 2: Acid -> Plate: Plate well#: B5	Perovskite Demo: Dispense Acid Vol 2	Acid	Perovskite Demo Materials	Plate: Plate well#: B5	
Dispense Acid Vol 2: Acid -> Plate: Plate well#: B6	Perovskite Demo: Dispense Acid Vol 2	Acid	Perovskite Demo Materials	Plate: Plate well#: B6	
Dispense Acid Vol 2: Acid -> Plate: Plate well#: B7	Perovskite Demo: Dispense Acid Vol 2	Acid	Perovskite Demo Materials	Plate: Plate well#: B7	
Dispense Acid Vol 2: Acid -> Plate: Plate well#: B8	Perovskite Demo: Dispense Acid Vol 2	Acid	Perovskite Demo Materials	Plate: Plate well#: B8	
Dispense Acid Vol 2: Acid -> Plate: Plate well#: B9	Perovskite Demo: Dispense Acid Vol 2	Acid	Perovskite Demo Materials	Plate: Plate well#: B9	
Dispense Acid Vol 2: Acid -> Plate: Plate well#: B10	Perovskite Demo: Dispense Acid Vol 2	Acid	Perovskite Demo Materials	Plate: Plate well#: B10	
Dispense Acid Vol 2: Acid -> Plate: Plate well#: B11	Perovskite Demo: Dispense Acid Vol 2	Acid	Perovskite Demo Materials	Plate: Plate well#: B11	
Dispense Acid Vol 2: Acid -> Plate: Plate well#: B12	Perovskite Demo: Dispense Acid Vol 2	Acid	Perovskite Demo Materials	Plate: Plate well#: B12	
Dispense Acid Vol 2: Acid -> Plate: Plate well#: C1	Perovskite Demo: Dispense Acid Vol 2	Acid	Perovskite Demo Materials	Plate: Plate well#: C1	
Dispense Acid Vol 2: Acid -> Plate: Plate well#: C2	Perovskite Demo: Dispense Acid Vol 2	Acid	Perovskite Demo Materials	Plate: Plate well#: C2	
Dispense Acid Vol 2: Acid -> Plate: Plate well#: C3	Perovskite Demo: Dispense Acid Vol 2	Acid	Perovskite Demo Materials	Plate: Plate well#: C3	
Dispense Acid Vol 2: Acid -> Plate: Plate well#: C4	Perovskite Demo: Dispense Acid Vol 2	Acid	Perovskite Demo Materials	Plate: Plate well#: C4	
Dispense Acid Vol 2: Acid -> Plate: Plate well#: C5	Perovskite Demo: Dispense Acid Vol 2	Acid	Perovskite Demo Materials	Plate: Plate well#: C5	
Dispense Acid Vol 2: Acid -> Plate: Plate well#: C6	Perovskite Demo: Dispense Acid Vol 2	Acid	Perovskite Demo Materials	Plate: Plate well#: C6	
Dispense Acid Vol 2: Acid -> Plate: Plate well#: C7	Perovskite Demo: Dispense Acid Vol 2	Acid	Perovskite Demo Materials	Plate: Plate well#: C7	
Dispense Acid Vol 2: Acid -> Plate: Plate well#: C8	Perovskite Demo: Dispense Acid Vol 2	Acid	Perovskite Demo Materials	Plate: Plate well#: C8	
Dispense Acid Vol 2: Acid -> Plate: Plate well#: C9	Perovskite Demo: Dispense Acid Vol 2	Acid	Perovskite Demo Materials	Plate: Plate well#: C9	
Dispense Acid Vol 2: Acid -> Plate: Plate well#: C10	Perovskite Demo: Dispense Acid Vol 2	Acid	Perovskite Demo Materials	Plate: Plate well#: C10	
Dispense Acid Vol 2: Acid -> Plate: Plate well#: C11	Perovskite Demo: Dispense Acid Vol 2	Acid	Perovskite Demo Materials	Plate: Plate well#: C11	
Dispense Acid Vol 2: Acid -> Plate: Plate well#: C12	Perovskite Demo: Dispense Acid Vol 2	Acid	Perovskite Demo Materials	Plate: Plate well#: C12	
Dispense Acid Vol 2: Acid -> Plate: Plate well#: D1	Perovskite Demo: Dispense Acid Vol 2	Acid	Perovskite Demo Materials	Plate: Plate well#: D1	
Dispense Acid Vol 2: Acid -> Plate: Plate well#: D2	Perovskite Demo: Dispense Acid Vol 2	Acid	Perovskite Demo Materials	Plate: Plate well#: D2	
Dispense Acid Vol 2: Acid -> Plate: Plate well#: D3	Perovskite Demo: Dispense Acid Vol 2	Acid	Perovskite Demo Materials	Plate: Plate well#: D3	
Dispense Acid Vol 2: Acid -> Plate: Plate well#: D4	Perovskite Demo: Dispense Acid Vol 2	Acid	Perovskite Demo Materials	Plate: Plate well#: D4	
Dispense Acid Vol 2: Acid -> Plate: Plate well#: D5	Perovskite Demo: Dispense Acid Vol 2	Acid	Perovskite Demo Materials	Plate: Plate well#: D5	
Dispense Acid Vol 2: Acid -> Plate: Plate well#: D6	Perovskite Demo: Dispense Acid Vol 2	Acid	Perovskite Demo Materials	Plate: Plate well#: D6	
Dispense Acid Vol 2: Acid -> Plate: Plate well#: D7	Perovskite Demo: Dispense Acid Vol 2	Acid	Perovskite Demo Materials	Plate: Plate well#: D7	
Dispense Acid Vol 2: Acid -> Plate: Plate well#: D8	Perovskite Demo: Dispense Acid Vol 2	Acid	Perovskite Demo Materials	Plate: Plate well#: D8	
Dispense Acid Vol 2: Acid -> Plate: Plate well#: D9	Perovskite Demo: Dispense Acid Vol 2	Acid	Perovskite Demo Materials	Plate: Plate well#: D9	
Dispense Acid Vol 2: Acid -> Plate: Plate well#: D10	Perovskite Demo: Dispense Acid Vol 2	Acid	Perovskite Demo Materials	Plate: Plate well#: D10	
Dispense Acid Vol 2: Acid -> Plate: Plate well#: D11	Perovskite Demo: Dispense Acid Vol 2	Acid	Perovskite Demo Materials	Plate: Plate well#: D11	
Dispense Acid Vol 2: Acid -> Plate: Plate well#: D12	Perovskite Demo: Dispense Acid Vol 2	Acid	Perovskite Demo Materials	Plate: Plate well#: D12	
Dispense Acid Vol 2: Acid -> Plate: Plate well#: E1	Perovskite Demo: Dispense Acid Vol 2	Acid	Perovskite Demo Materials	Plate: Plate well#: E1	
Dispense Acid Vol 2: Acid -> Plate: Plate well#: E2	Perovskite Demo: Dispense Acid Vol 2	Acid	Perovskite Demo Materials	Plate: Plate well#: E2	
Dispense Acid Vol 2: Acid -> Plate: Plate well#: E3	Perovskite Demo: Dispense Acid Vol 2	Acid	Perovskite Demo Materials	Plate: Plate well#: E3	
Dispense Acid Vol 2: Acid -> Plate: Plate well#: E4	Perovskite Demo: Dispense Acid Vol 2	Acid	Perovskite Demo Materials	Plate: Plate well#: E4	
Dispense Acid Vol 2: Acid -> Plate: Plate well#: E5	Perovskite Demo: Dispense Acid Vol 2	Acid	Perovskite Demo Materials	Plate: Plate well#: E5	
Dispense Acid Vol 2: Acid -> Plate: Plate well#: E6	Perovskite Demo: Dispense Acid Vol 2	Acid	Perovskite Demo Materials	Plate: Plate well#: E6	
Dispense Acid Vol 2: Acid -> Plate: Plate well#: E7	Perovskite Demo: Dispense Acid Vol 2	Acid	Perovskite Demo Materials	Plate: Plate well#: E7	
Dispense Acid Vol 2: Acid -> Plate: Plate well#: E8	Perovskite Demo: Dispense Acid Vol 2	Acid	Perovskite Demo Materials	Plate: Plate well#: E8	
Dispense Acid Vol 2: Acid -> Plate: Plate well#: E9	Perovskite Demo: Dispense Acid Vol 2	Acid	Perovskite Demo Materials	Plate: Plate well#: E9	
Dispense Acid Vol 2: Acid -> Plate: Plate well#: E10	Perovskite Demo: Dispense Acid Vol 2	Acid	Perovskite Demo Materials	Plate: Plate well#: E10	
Dispense Acid Vol 2: Acid -> Plate: Plate well#: E11	Perovskite Demo: Dispense Acid Vol 2	Acid	Perovskite Demo Materials	Plate: Plate well#: E11	
Dispense Acid Vol 2: Acid -> Plate: Plate well#: E12	Perovskite Demo: Dispense Acid Vol 2	Acid	Perovskite Demo Materials	Plate: Plate well#: E12	
Dispense Acid Vol 2: Acid -> Plate: Plate well#: F1	Perovskite Demo: Dispense Acid Vol 2	Acid	Perovskite Demo Materials	Plate: Plate well#: F1	
Dispense Acid Vol 2: Acid -> Plate: Plate well#: F2	Perovskite Demo: Dispense Acid Vol 2	Acid	Perovskite Demo Materials	Plate: Plate well#: F2	
Dispense Acid Vol 2: Acid -> Plate: Plate well#: F3	Perovskite Demo: Dispense Acid Vol 2	Acid	Perovskite Demo Materials	Plate: Plate well#: F3	
Dispense Acid Vol 2: Acid -> Plate: Plate well#: F4	Perovskite Demo: Dispense Acid Vol 2	Acid	Perovskite Demo Materials	Plate: Plate well#: F4	
Dispense Acid Vol 2: Acid -> Plate: Plate well#: F5	Perovskite Demo: Dispense Acid Vol 2	Acid	Perovskite Demo Materials	Plate: Plate well#: F5	
Dispense Acid Vol 2: Acid -> Plate: Plate well#: F6	Perovskite Demo: Dispense Acid Vol 2	Acid	Perovskite Demo Materials	Plate: Plate well#: F6	
Dispense Acid Vol 2: Acid -> Plate: Plate well#: F7	Perovskite Demo: Dispense Acid Vol 2	Acid	Perovskite Demo Materials	Plate: Plate well#: F7	
Dispense Acid Vol 2: Acid -> Plate: Plate well#: F8	Perovskite Demo: Dispense Acid Vol 2	Acid	Perovskite Demo Materials	Plate: Plate well#: F8	
Dispense Acid Vol 2: Acid -> Plate: Plate well#: F9	Perovskite Demo: Dispense Acid Vol 2	Acid	Perovskite Demo Materials	Plate: Plate well#: F9	
Dispense Acid Vol 2: Acid -> Plate: Plate well#: F10	Perovskite Demo: Dispense Acid Vol 2	Acid	Perovskite Demo Materials	Plate: Plate well#: F10	
Dispense Acid Vol 2: Acid -> Plate: Plate well#: F11	Perovskite Demo: Dispense Acid Vol 2	Acid	Perovskite Demo Materials	Plate: Plate well#: F11	
Dispense Acid Vol 2: Acid -> Plate: Plate well#: F12	Perovskite Demo: Dispense Acid Vol 2	Acid	Perovskite Demo Materials	Plate: Plate well#: F12	
Dispense Acid Vol 2: Acid -> Plate: Plate well#: G1	Perovskite Demo: Dispense Acid Vol 2	Acid	Perovskite Demo Materials	Plate: Plate well#: G1	
Dispense Acid Vol 2: Acid -> Plate: Plate well#: G2	Perovskite Demo: Dispense Acid Vol 2	Acid	Perovskite Demo Materials	Plate: Plate well#: G2	
Dispense Acid Vol 2: Acid -> Plate: Plate well#: G3	Perovskite Demo: Dispense Acid Vol 2	Acid	Perovskite Demo Materials	Plate: Plate well#: G3	
Dispense Acid Vol 2: Acid -> Plate: Plate well#: G4	Perovskite Demo: Dispense Acid Vol 2	Acid	Perovskite Demo Materials	Plate: Plate well#: G4	
Dispense Acid Vol 2: Acid -> Plate: Plate well#: G5	Perovskite Demo: Dispense Acid Vol 2	Acid	Perovskite Demo Materials	Plate: Plate well#: G5	
Dispense Acid Vol 2: Acid -> Plate: Plate well#: G6	Perovskite Demo: Dispense Acid Vol 2	Acid	Perovskite Demo Materials	Plate: Plate well#: G6	
Dispense Acid Vol 2: Acid -> Plate: Plate well#: G7	Perovskite Demo: Dispense Acid Vol 2	Acid	Perovskite Demo Materials	Plate: Plate well#: G7	
Dispense Acid Vol 2: Acid -> Plate: Plate well#: G8	Perovskite Demo: Dispense Acid Vol 2	Acid	Perovskite Demo Materials	Plate: Plate well#: G8	
Dispense Acid Vol 2: Acid -> Plate: Plate well#: G9	Perovskite Demo: Dispense Acid Vol 2	Acid	Perovskite Demo Materials	Plate: Plate well#: G9	
Dispense Acid Vol 2: Acid -> Plate: Plate well#: G10	Perovskite Demo: Dispense Acid Vol 2	Acid	Perovskite Demo Materials	Plate: Plate well#: G10	
Dispense Acid Vol 2: Acid -> Plate: Plate well#: G11	Perovskite Demo: Dispense Acid Vol 2	Acid	Perovskite Demo Materials	Plate: Plate well#: G11	
Dispense Acid Vol 2: Acid -> Plate: Plate well#: G12	Perovskite Demo: Dispense Acid Vol 2	Acid	Perovskite Demo Materials	Plate: Plate well#: G12	
Dispense Acid Vol 2: Acid -> Plate: Plate well#: H1	Perovskite Demo: Dispense Acid Vol 2	Acid	Perovskite Demo Materials	Plate: Plate well#: H1	
Dispense Acid Vol 2: Acid -> Plate: Plate well#: H2	Perovskite Demo: Dispense Acid Vol 2	Acid	Perovskite Demo Materials	Plate: Plate well#: H2	
Dispense Acid Vol 2: Acid -> Plate: Plate well#: H3	Perovskite Demo: Dispense Acid Vol 2	Acid	Perovskite Demo Materials	Plate: Plate well#: H3	
Dispense Acid Vol 2: Acid -> Plate: Plate well#: H4	Perovskite Demo: Dispense Acid Vol 2	Acid	Perovskite Demo Materials	Plate: Plate well#: H4	
Dispense Acid Vol 2: Acid -> Plate: Plate well#: H5	Perovskite Demo: Dispense Acid Vol 2	Acid	Perovskite Demo Materials	Plate: Plate well#: H5	
Dispense Acid Vol 2: Acid -> Plate: Plate well#: H6	Perovskite Demo: Dispense Acid Vol 2	Acid	Perovskite Demo Materials	Plate: Plate well#: H6	
Dispense Acid Vol 2: Acid -> Plate: Plate well#: H7	Perovskite Demo: Dispense Acid Vol 2	Acid	Perovskite Demo Materials	Plate: Plate well#: H7	
Dispense Acid Vol 2: Acid -> Plate: Plate well#: H8	Perovskite Demo: Dispense Acid Vol 2	Acid	Perovskite Demo Materials	Plate: Plate well#: H8	
Dispense Acid Vol 2: Acid -> Plate: Plate well#: H9	Perovskite Demo: Dispense Acid Vol 2	Acid	Perovskite Demo Materials	Plate: Plate well#: H9	
Dispense Acid Vol 2: Acid -> Plate: Plate well#: H10	Perovskite Demo: Dispense Acid Vol 2	Acid	Perovskite Demo Materials	Plate: Plate well#: H10	
Dispense Acid Vol 2: Acid -> Plate: Plate well#: H11	Perovskite Demo: Dispense Acid Vol 2	Acid	Perovskite Demo Materials	Plate: Plate well#: H11	
Dispense Acid Vol 2: Acid -> Plate: Plate well#: H12	Perovskite Demo: Dispense Acid Vol 2	Acid	Perovskite Demo Materials	Plate: Plate well#: H12	
Perovskite Demo: Add Solvent to Stock A	Perovskite Demo: Prepare Stock A	Solvent	Perovskite Demo Materials	Stock A Vial	Perovskite Demo Materials
Perovskite Demo: Add Organic to Stock A	Perovskite Demo: Prepare Stock A	Organic	Perovskite Demo Materials	Stock A Vial	Perovskite Demo Materials
Perovskite Demo: Add Inorganic to Stock A	Perovskite Demo: Prepare Stock A	Inorganic	Perovskite Demo Materials	Stock A Vial	Perovskite Demo Materials
Perovskite Demo: Add Solvent to Stock B	Perovskite Demo: Prepare Stock B	Solvent	Perovskite Demo Materials	Stock B Vial	Perovskite Demo Materials
Perovskite Demo: Add Organic to Stock B	Perovskite Demo: Prepare Stock B	Organic	Perovskite Demo Materials	Stock B Vial	Perovskite Demo Materials
Perovskite Demo: Preheat Plate	Perovskite Demo: Preheat Plate	Plate	Perovskite Demo Materials	Plate	Perovskite Demo Materials
Perovskite Demo: Heat Stir 1	Perovskite Demo: Heat Stir 1	Plate	Perovskite Demo Materials	Plate	Perovskite Demo Materials
Perovskite Demo: Heat Stir 2	Perovskite Demo: Heat Stir 2	Plate	Perovskite Demo Materials	Plate	Perovskite Demo Materials
Perovskite Demo: Heat	Perovskite Demo: Heat	Plate	Perovskite Demo Materials	Plate	Perovskite Demo Materials
