description	material_class	consumable	material_identifier__description	material_identifier_def__description	material_type__description
96 Well Plate well#: D6	model	false	Gamma-Butyrolactone|GBL|InChI=1S/C4H6O2/c5-4-2-1-3-6-4/h1-3H2|YEJRWHAVMIAJKC-UHFFFAOYSA-N|C1CC(=O)OC1|C4H6O2		solvent|catalog|reference
Plate: 24 well	model	false	Dimethyl sulfoxide|DMSO|InChI=1S/C2H6OS/c1-4(2)3/h1-2H3|IAZDPXIOMUYVGZ-UHFFFAOYSA-N|CS(=O)C|C2H6OS		solvent|catalog|reference
n-Dodecylammonium iodide	model	true	[I-].CCCCCCCCCCCC[NH3+]|PXWSKGXEHZHFJA-UHFFFAOYSA-N|InChI=1S/C12H27N.HI/c1-2-3-4-5-6-7-8-9-10-11-12-13;/h2-13H2,1H3;1H|C12H28IN|nDodecylammoniumIodide|n-Dodecylammonium iodide	SMILES|InChIKey|InChI|Molecular_Formula|Abbreviation|Chemical_Name	catalog|reference
BDGA	model	true	Lead Diiodide|PbI2|InChI=1S/2HI.Pb/h2*1H;/q;;+2/p-2|RQQRAHKHDFPBMC-UHFFFAOYSA-L|I[Pb]I|PbI2		catalog|reference
96 Well Plate well#: F6	model	false	Ethylammonium Iodide|EtNH3I|InChI=1S/C2H7N.HI/c1-2-3;/h2-3H2,1H3;1H|XFYICZOIWSBQSK-UHFFFAOYSA-N|CC[NH3+].[I-]|C2H8IN		catalog|reference
96 Well Plate well#: D10	model	false	Phenethylammonium iodide |PhEtNH3I|InChI=1S/C8H11N.HI/c9-7-6-8-4-2-1-3-5-8;/h1-5H,6-7,9H2;1H|UPHCENSIMPJEIS-UHFFFAOYSA-N|C1=CC=C(C=C1)CC[NH3+].[I-]|C8H12IN		catalog|reference
Piperidinium Iodide	model	true	InChI=1S/C5H11N.HI/c1-2-4-6-5-3-1;/h6H,1-5H2;1H|Piperidinium Iodide|C5H12IN|C1CC[NH2+]CC1.[I-]|PiperidiniumIodide|HBPSMMXRESDUSG-UHFFFAOYSA-N	InChI|Chemical_Name|Molecular_Formula|SMILES|Abbreviation|InChIKey	catalog|reference
N,N-Dimethylethane-1,2-diammonium iodide	model	true	N,N-Dimethylethane-1,2-diammonium iodide|C4H14I2N2|BAMDIFIROXTEEM-UHFFFAOYSA-N|NNDimethylethane12diammoniumiodide|C[NH+](C)CC[NH3+].[I-].[I-]|InChI=1S/C4H12N2.2HI/c1-6(2)4-3-5;;/h3-5H2,1-2H3;2*1H	Chemical_Name|Molecular_Formula|InChIKey|Abbreviation|SMILES|InChI	catalog|reference
Cesium iodide	model	true	XQPRBTXUXXVTKB-UHFFFAOYSA-M|CsI|Cesium iodide|[I-].[Cs+]|InChI=1S/Cs.HI/h;1H/q+1;/p-1|CsI	InChIKey|Abbreviation|Chemical_Name|SMILES|InChI|Molecular_Formula	catalog|reference
96 Well Plate well#: C5	model	false	Dichloromethane|DCM|InChI=1S/CH2Cl2/c2-1-3/h1H2|YMWUJEATGCHHMB-UHFFFAOYSA-N|C(Cl)Cl|CH2Cl2		solvent|catalog|reference
Methylammonium bromide	model	true	ISWNAMNOYHCTSB-UHFFFAOYSA-N|InChI=1S/CH5N.BrH/c1-2;/h2H2,1H3;1H|Methylammoniumbromide|CH6BrN|C[NH3+].[Br-]|Methylammonium bromide	InChIKey|InChI|Abbreviation|Molecular_Formula|SMILES|Chemical_Name	catalog|reference
Dimethylammonium bromide	model	true	Me2NH2Br|FFJMLWSZNCJCSZ-UHFFFAOYSA-N|C[NH2+]C.[Br-]|Dimethylammonium bromide|InChI=1S/C2H7N.BrH/c1-3-2;/h3H,1-2H3;1H	Abbreviation|InChIKey|SMILES|Chemical_Name|InChI	catalog|reference
N-propylammonium bromide	model	true	NPropylammoniumBromide|N-propylammonium bromide|CCC[NH3+].[Br-]|InChI=1S/C3H9N.BrH/c1-2-3-4;/h2-4H2,1H3;1H|MVYQJCPZZBFMLF-UHFFFAOYSA-N	Abbreviation|Chemical_Name|SMILES|InChI|InChIKey	catalog|reference
Bismuth iodide	model	true	KOECRLKKXSXCPB-UHFFFAOYSA-K|BiI3|BiI3|Bismuth iodide|InChI=1S/Bi.3HI/h;3*1H/q+3;;;/p-3|I[Bi](I)I	InChIKey|Abbreviation|Molecular_Formula|Chemical_Name|InChI|SMILES	catalog|reference
Filter Plate well#: D5	model	false	Formamidinium Iodide|FormamidiniumIodide|InChI=1S/CH4N2.HI/c2-1-3;/h1H,(H3,2,3);1H|QHJPGANWSLEMTI-UHFFFAOYSA-N|C(=N)[NH3+].[I-]|CH5IN2		catalog|reference
Water	model	true	1,4-Diazabicyclo[2,2,2]octane-1,4-diium Iodide|Dabcoiodide|InChI=1S/C6H12N2.2HI/c1-2-8-5-3-7(1)4-6-8;;/h1-6H2;2*1H|WXTNTIQDYHIFEG-UHFFFAOYSA-N|C1C[NH+]2CC[NH+]1CC2.[I-].[I-]|C6H14I2N2		catalog|reference
96 Well Plate well#: C10	model	false	4-Fluoro-Benzylammonium iodide|4FluoroBenzylammoniumIodide|InChI=1S/C7H8FN.HI/c8-7-3-1-6(5-9)2-4-7;/h1-4H,5,9H2;1H|LCTUISCIGMWMAT-UHFFFAOYSA-N|C1(=CC=C(C=C1)F)C[NH3+].[I-]|C7H9FIN		catalog|reference
4-Fluoro-Benzylammonium iodide	model	true	C1(=CC=C(C=C1)F)C[NH3+].[I-]|4-Fluoro-Benzylammonium iodide|LCTUISCIGMWMAT-UHFFFAOYSA-N|InChI=1S/C7H8FN.HI/c8-7-3-1-6(5-9)2-4-7;/h1-4H,5,9H2;1H|C7H9FIN|4FluoroBenzylammoniumIodide	SMILES|Chemical_Name|InChIKey|InChI|Molecular_Formula|Abbreviation	catalog|reference
4-Fluoro-Phenylammonium iodide	model	true	4FluoroPhenylammoniumIodide|4-Fluoro-Phenylammonium iodide|InChI=1S/C6H6FN.HI/c7-5-1-3-6(8)4-2-5;/h1-4H,8H2;1H|C1(=CC=C(C=C1)F)[NH3+].[I-]|FJFIJIDZQADKEE-UHFFFAOYSA-N|C6H7FIN	Abbreviation|Chemical_Name|InChI|SMILES|InChIKey|Molecular_Formula	catalog|reference
Rare Earth	model	true	4-Methoxy-Phenylammonium iodide|4MethoxyPhenylammoniumIodide|InChI=1S/C7H9NO.HI/c1-9-7-4-2-6(8)3-5-7;/h2-5H,8H2,1H3;1H|QRFXELVDJSDWHX-UHFFFAOYSA-N|C1(=CC=C(C=C1)OC)[NH3+].[I-]|C7H10INO		catalog|reference
96 Well Plate well#: H2	model	false	4-Trifluoromethyl-Benzylammonium iodide|4TrifluoromethylBenzylammoniumIodide|InChI=1S/C8H8F3N.HI/c9-8(10,11)7-3-1-6(5-12)2-4-7;/h1-4H,5,12H2;1H|SQXJHWOXNLTOOO-UHFFFAOYSA-N|C1(=CC=C(C=C1)C(F)(F)F)C[NH3+].[I-]|C8H9F3IN		catalog|reference
96 Well Plate well#: F2	model	false	4-Trifluoromethyl-Phenylammonium iodide|4TrifluoromethylPhenylammoniumIodide|InChI=1S/C7H6F3N.HI/c8-7(9,10)5-1-3-6(11)4-2-5;/h1-4H,11H2;1H|KOAGKPNEVYEZDU-UHFFFAOYSA-N|C1(=CC=C(C=C1)C(F)(F)F)[NH3+].[I-]|C7H7F3IN		catalog|reference
96 Well Plate well#: B5	model	false	chlorobenzene|CBz|InChI=1S/C6H5Cl/c7-6-4-2-1-3-5-6/h1-5H|MVPPADPHJFYWMZ-UHFFFAOYSA-N|C1=CC=C(C=C1)Cl|C6H5Cl		solvent|catalog|reference
Filter Plate well#: E6	model	false	Acetamidinium bromide|AcNH3Br|InChI=1S/C2H6N2.BrH/c1-2(3)4;/h1H3,(H3,3,4);1H|CWJKVUQGXKYWTR-UHFFFAOYSA-N|CC(=[NH2+])N.[Br-]|C2H7BrN2		catalog|reference
Hydrochloric acid	model	true	Benzylammonium Bromide|benzylammoniumbromide|InChI=1S/C7H9N.BrH/c8-6-7-4-2-1-3-5-7;/h1-5H,6,8H2;1H|QJFMCHRSDOLMHA-UHFFFAOYSA-N|C1=CC=C(C=C1)C[NH3+].[Br-]|C7H10BrN		gas
96 Well Plate well#: H3	model	false	Benzylammonium Iodide|BenzylammoniumIodide|InChI=1S/C7H9N.HI/c8-6-7-4-2-1-3-5-7;/h1-5H,6,8H2;1H|PPCHYMCMRUGLHR-UHFFFAOYSA-N|C1=CC=C(C=C1)C[NH3+].[I-]|C7H10IN		catalog|reference
96 Well Plate well#: A3	model	false	Beta Alanine Hydroiodide|betaAlanineHydroiodide|InChI=1S/C3H7NO2.HI/c4-2-1-3(5)6;/h1-2,4H2,(H,5,6);1H|XAKAQFUGWUAPJN-UHFFFAOYSA-N|[I-].[NH3+]CCC(O)=O		catalog|reference
96 Well Plate well#: G4	model	false	Bismuth iodide|BiI3|InChI=1S/Bi.3HI/h;3*1H/q+3;;;/p-3|KOECRLKKXSXCPB-UHFFFAOYSA-K|I[Bi](I)I|BiI3		catalog|reference
Ethylammonium Iodide	model	true	C2H8IN|CC[NH3+].[I-]|EtNH3I|Ethylammonium Iodide|InChI=1S/C2H7N.HI/c1-2-3;/h2-3H2,1H3;1H|XFYICZOIWSBQSK-UHFFFAOYSA-N	Molecular_Formula|SMILES|Abbreviation|Chemical_Name|InChI|InChIKey	catalog|reference
5-Azaspiro[4.4]nonan-5-ium iodide	model	true	5Azaspironoiodide|InChI=1S/C8H16N.HI/c1-2-6-9(5-1)7-3-4-8-9;/h1-8H2;1H/q+1;/p-1|C8H16IN|DWOWCUCDJIERQX-UHFFFAOYSA-M|C1CC[N+]2(C1)CCCC2.[I-]|5-Azaspiro[4.4]nonan-5-ium iodide	Abbreviation|InChI|Molecular_Formula|InChIKey|SMILES|Chemical_Name	catalog|reference
96 Well Plate well#: F8	model	false	Ethane-1,2-diammonium bromide|EthylenediamineDihydrobromide|InChI=1S/C2H8N2.2BrH/c3-1-2-4;;/h1-4H2;2*1H|BCQZYUOYVLJOPE-UHFFFAOYSA-N|C(C[NH3+])[NH3+].[Br-].[Br-]|C2H10Br2N2		catalog|reference
96 Well Plate well#: A10	model	false	Ethane-1,2-diammonium iodide|EthylenediamineDihydriodide|InChI=1S/C2H8N2.2HI/c3-1-2-4;;/h1-4H2;2*1H|IWNWLPUNKAYUAW-UHFFFAOYSA-N|C(C[NH3+])[NH3+].[I-].[I-]|C2H10I2N2		catalog|reference
96 Well Plate well#: B3	model	false	Ethylammonium bromide|EtNH3Br|InChI=1S/C2H7N.BrH/c1-2-3;/h2-3H2,1H3;1H|PNZDZRMOBIIQTC-UHFFFAOYSA-N|CC[NH3+].[Br-]|C2H8BrN		catalog|reference
n-Octylammonium Iodide	model	true	nOctylammoniumIodide|InChI=1S/C8H19N.HI/c1-2-3-4-5-6-7-8-9;/h2-9H2,1H3;1H|C8H20IN|CCCCCCCC[NH3+].[I-]|HBZSVMFYMAOGRS-UHFFFAOYSA-N|n-Octylammonium Iodide	Abbreviation|InChI|Molecular_Formula|SMILES|InChIKey|Chemical_Name	catalog|reference
96 Well Plate well#: F11	model	false	Guanidinium bromide|GnNH3Br|InChI=1S/CH5N3.BrH/c2-1(3)4;/h(H5,2,3,4);1H|VQNVZLDDLJBKNS-UHFFFAOYSA-N|C(=[NH2+])(N)N.[Br-]|CH6BrN3		catalog|reference
Dimethylammonium iodide	model	true	C2H8IN|Me2NH2I|C[NH2+]C.[I-]|JMXLWMIFDJCGBV-UHFFFAOYSA-N|InChI=1S/C2H7N.HI/c1-3-2;/h3H,1-2H3;1H|Dimethylammonium iodide	Molecular_Formula|Abbreviation|SMILES|InChIKey|InChI|Chemical_Name	catalog|reference
Filter Plate well#: C8	model	false	Imidazolium Iodide|ImidazoliumIodide|InChI=1S/C3H4N2.HI/c1-2-5-3-4-1;/h1-3H,(H,4,5);1H|JBOIAZWJIACNJF-UHFFFAOYSA-N|C1=CN=C[NH2+]1.[I-]|C3H5IN2		catalog|reference
Dimethylformamide	model	true	CN(C)C=O|DMF|InChI=1S/C3H7NO/c1-4(2)3-5/h3H,1-2H3|C3H7NO|ZMXDDKWLCZADIW-UHFFFAOYSA-N|Dimethylformamide	SMILES|Abbreviation|InChI|Molecular_Formula|InChIKey|Chemical_Name	solvent|catalog|reference
Filter Plate well#: E1	model	false	iso-Butylammonium iodide|iButylammoniumIodide|InChI=1S/C4H11N.HI/c1-4(2)3-5;/h4H,3,5H2,1-2H3;1H|FCTHQYIDLRRROX-UHFFFAOYSA-N|[I-].CC(C)C[NH3+]|C4H12IN		catalog|reference
96 Well Plate well#: A6	model	false	iso-Pentylammonium iodide|IPentylammoniumIodide|InChI=1S/C5H13N.HI/c1-5(2)3-4-6;/h5H,3-4,6H2,1-2H3;1H|UZHWWTHDRVLCJU-UHFFFAOYSA-N|CC(CC[NH3+])C.[I-]|C5H14IN		catalog|reference
Hexane-1,6-diammonium bromide	model	true	Hexane-1,6-diammonium bromide|InChI=1S/C6H16N2.2BrH/c7-5-3-1-2-4-6-8;;/h1-8H2;2*1H|C6H18Br2N2|[NH3+]CCCCCC[NH3+].[Br-].[Br-]|XSYPBULLQGGYPJ-UHFFFAOYSA-N|HexaneDiammoniumBromide	Chemical_Name|InChI|Molecular_Formula|SMILES|InChIKey|Abbreviation	catalog|reference
Filter Plate well#: D4	model	false	Lead(II) bromide|PbBr2|InChI=1S/2BrH.Pb/h2*1H;/q;;+2/p-2|ZASWJUOMEGBQCQ-UHFFFAOYSA-L|Br[Pb]Br|PbBr2		catalog|reference
N,N-Diethylpropane-1,3-diammonium iodide	model	true	NXRUEVJQMBGVAT-UHFFFAOYSA-N|CC[NH+](CC)CCC[NH3+].[I-].[I-]|C7H20I2N2|NNDiethylpropane13diammoniumiodide|N,N-Diethylpropane-1,3-diammonium iodide|InChI=1S/C7H18N2.2HI/c1-3-9(4-2)7-5-6-8;;/h3-8H2,1-2H3;2*1H	InChIKey|SMILES|Molecular_Formula|Abbreviation|Chemical_Name|InChI	catalog|reference
96 Well Plate well#: H8	model	false	Morpholinium Iodide|MorpholiniumIodide|InChI=1S/C4H9NO.HI/c1-3-6-4-2-5-1;/h5H,1-4H2;1H|VAWHFUNJDMQUSB-UHFFFAOYSA-N|C1COCC[NH2+]1.[I-]|C4H10INO		catalog|reference
Lead Diiodide	model	true	I[Pb]I|RQQRAHKHDFPBMC-UHFFFAOYSA-L|PbI2|Lead Diiodide|InChI=1S/2HI.Pb/h2*1H;/q;;+2/p-2|PbI2	SMILES|InChIKey|Abbreviation|Chemical_Name|InChI|Molecular_Formula	catalog|reference
Dichloromethane	model	true	Dichloromethane|YMWUJEATGCHHMB-UHFFFAOYSA-N|C(Cl)Cl|InChI=1S/CH2Cl2/c2-1-3/h1H2|CH2Cl2|DCM	Chemical_Name|InChIKey|SMILES|InChI|Molecular_Formula|Abbreviation	solvent|catalog|reference
96 Well Plate well#: A2	model	false	n-Hexylammonium iodide|nHexylammoniumIodide|InChI=1S/C6H15N.HI/c1-2-3-4-5-6-7;/h2-7H2,1H3;1H|VNAAUNTYIONOHR-UHFFFAOYSA-N|CCCCCC[NH3+].[I-]|C6H16IN		catalog|reference
1,4-Diazabicyclo[2,2,2]octane-1,4-diium Iodide	model	true	InChI=1S/C6H12N2.2HI/c1-2-8-5-3-7(1)4-6-8;;/h1-6H2;2*1H|Dabcoiodide|C6H14I2N2|C1C[NH+]2CC[NH+]1CC2.[I-].[I-]|WXTNTIQDYHIFEG-UHFFFAOYSA-N|1,4-Diazabicyclo[2,2,2]octane-1,4-diium Iodide	InChI|Abbreviation|Molecular_Formula|SMILES|InChIKey|Chemical_Name	catalog|reference
Acetamidinium bromide	model	true	C2H7BrN2|Acetamidinium bromide|CWJKVUQGXKYWTR-UHFFFAOYSA-N|InChI=1S/C2H6N2.BrH/c1-2(3)4;/h1H3,(H3,3,4);1H|AcNH3Br|CC(=[NH2+])N.[Br-]	Molecular_Formula|Chemical_Name|InChIKey|InChI|Abbreviation|SMILES	catalog|reference
96 Well Plate well#: G8	model	false	neo-Pentylammonium iodide|neoPentylammoniumIodide|InChI=1S/C5H13N.HI/c1-5(2,3)4-6;/h4,6H2,1-3H3;1H|CQWGDVVCKBJLNX-UHFFFAOYSA-N|[I-].CC(C)(C)C[NH3+]|C5H14IN		catalog|reference
96 Well Plate well#: G1	model	false	Phenethylammonium bromide|Phenethylammoniumbromide|InChI=1S/C8H11N.BrH/c9-7-6-8-4-2-1-3-5-8;/h1-5H,6-7,9H2;1H|IRAGENYJMTVCCV-UHFFFAOYSA-N|c1ccc(cc1)CC[NH3+].[Br-]|C8H12BrN		catalog|reference
Filter Plate well#: E2	model	false	Piperazine-1,4-diium bromide|PiperazinediiumDiBromide|InChI=1S/C4H10N2.2BrH/c1-2-6-4-3-5-1;;/h5-6H,1-4H2;2*1H|UXWKNNJFYZFNDI-UHFFFAOYSA-N|C1C[NH2+]CC[NH2+]1.[Br-].[Br-]|C4H12Br2N2		catalog|reference
Stock FAH	model	true	Piperazine-1,4-diium iodide|PiperazinediiumDiodide|InChI=1S/C4H10N2.2HI/c1-2-6-4-3-5-1;;/h5-6H,1-4H2;2*1H|QZCGFUVVXNFSLE-UHFFFAOYSA-N|[I-].[I-].C1C[NH2+]CC[NH2+]1		catalog|reference
Imidazolium Iodide	model	true	C3H5IN2|Imidazolium Iodide|ImidazoliumIodide|C1=CN=C[NH2+]1.[I-]|InChI=1S/C3H4N2.HI/c1-2-5-3-4-1;/h1-3H,(H,4,5);1H|JBOIAZWJIACNJF-UHFFFAOYSA-N	Molecular_Formula|Chemical_Name|Abbreviation|SMILES|InChI|InChIKey	catalog|reference
96 Well Plate well#: C3	model	false	Poly(vinyl alcohol), Mw89000-98000, >99% hydrolyzed)|PVA|1S/C2H4O/c1-2-3/h2-3H,1H2|IMROMDMJAWUWLK-UHFFFAOYSA-N|C{-}(OC(=O)C)C{n+}|C2H4O		catalog|reference
Butane-1,4-diammonium Iodide	model	true	InChI=1S/C4H12N2.2HI/c5-3-1-2-4-6;;/h1-6H2;2*1H|XZUCBFLUEBDNSJ-UHFFFAOYSA-N|C(CC[NH3+])C[NH3+].[I-].[I-]|C4H14I2N2|Butane14diammoniumIodide|Butane-1,4-diammonium Iodide	InChI|InChIKey|SMILES|Molecular_Formula|Abbreviation|Chemical_Name	catalog|reference
Plate well#: B2	model	false	Propane-1,3-diammonium iodide|Propane13diammoniumIodide|InChI=1S/C3H10N2.HI/c4-2-1-3-5;/h1-5H2;1H/p+1|UMDDLGMCNFAZDX-UHFFFAOYSA-O|[NH3+]CCC[NH3+].[I-].[I-]|C3H12IN2		catalog|reference
Diethylammonium iodide	model	true	Diethylammonium iodide|CC[NH2+]CC.[I-]|C4H12IN|Diethylammoniumiodide|InChI=1S/C4H11N.HI/c1-3-5-4-2;/h5H,3-4H2,1-2H3;1H|YYMLRIWBISZOMT-UHFFFAOYSA-N	Chemical_Name|SMILES|Molecular_Formula|Abbreviation|InChI|InChIKey	catalog|reference
Piperazine-1,4-diium iodide	model	true	QZCGFUVVXNFSLE-UHFFFAOYSA-N|InChI=1S/C4H10N2.2HI/c1-2-6-4-3-5-1;;/h5-6H,1-4H2;2*1H|PiperazinediiumDiodide|Piperazine-1,4-diium iodide|[I-].[I-].C1C[NH2+]CC[NH2+]1	InChIKey|InChI|Abbreviation|Chemical_Name|SMILES	catalog|reference
96 Well Plate well#: B6	model	false	Quinuclidin-1-ium bromide|QuinuclidiniumBromide|InChI=1S/C7H13N.BrH/c1-4-8-5-2-7(1)3-6-8;/h7H,1-6H2;1H|DYEHDACATJUKSZ-UHFFFAOYSA-N|C1C[NH+]2CCC1CC2.[Br-]|C7H14BrN		catalog|reference
4-Trifluoromethyl-Phenylammonium iodide	model	true	4TrifluoromethylPhenylammoniumIodide|4-Trifluoromethyl-Phenylammonium iodide|KOAGKPNEVYEZDU-UHFFFAOYSA-N|C1(=CC=C(C=C1)C(F)(F)F)[NH3+].[I-]|InChI=1S/C7H6F3N.HI/c8-7(9,10)5-1-3-6(11)4-2-5;/h1-4H,11H2;1H|C7H7F3IN	Abbreviation|Chemical_Name|InChIKey|SMILES|InChI|Molecular_Formula	catalog|reference
96 Well Plate well#: E3	model	false	tert-Octylammonium iodide|TertOctylammoniumIodide|InChI=1S/C8H19N.HI/c1-7(2,3)6-8(4,5)9;/h6,9H2,1-5H3;1H|UXYJHTKQEFCXBJ-UHFFFAOYSA-N|C(CC(C)(C)[NH3+])(C)(C)C.[I-]|C8H20IN		catalog|reference
chlorobenzene	model	true	CBz|C6H5Cl|InChI=1S/C6H5Cl/c7-6-4-2-1-3-5-6/h1-5H|chlorobenzene|C1=CC=C(C=C1)Cl|MVPPADPHJFYWMZ-UHFFFAOYSA-N	Abbreviation|Molecular_Formula|InChI|Chemical_Name|SMILES|InChIKey	solvent|catalog|reference
96 Well Plate well#: A12	model	false	Cyclohexylmethylammonium iodide|CyclohexylmethylammoniumIodide|InChI=1S/C7H15N.HI/c1-8-7-5-3-2-4-6-7;/h7-8H,2-6H2,1H3;1H|ZEVRFFCPALTVDN-UHFFFAOYSA-N|C1CCC(CC1)C[NH3+].[I-]|C7H16IN		catalog|reference
96 Well Plate well#: D3	model	false	Cyclohexylammonium iodide|CyclohexylammoniumIodide|InChI=1S/C6H13N.HI/c7-6-4-2-1-3-5-6;/h6H,1-5,7H2;1H|WGYRINYTHSORGH-UHFFFAOYSA-N|C1CCC(CC1)[NH3+].[I-]|C6H14IN		catalog|reference
Plate well#: D4	model	false	Butane-1,4-diammonium Iodide|Butane14diammoniumIodide|InChI=1S/C4H12N2.2HI/c5-3-1-2-4-6;;/h1-6H2;2*1H|XZUCBFLUEBDNSJ-UHFFFAOYSA-N|C(CC[NH3+])C[NH3+].[I-].[I-]|C4H14I2N2		catalog|reference
Filter Plate well#: F5	model	false	1,4-Benzene diammonium iodide|Benzenediaminedihydroiodide|nChI=1S/C6H8N2.2HI/c7-5-1-2-6(8)4-3-5;;/h1-4H,7-8H2;2*1H|RYYSZNVPBLKLRS-UHFFFAOYSA-N|C1=CC(=CC=C1[NH3+])[NH3+].[I-].[I-]|C6H10I2N2		catalog|reference
96 Well Plate well#: D8	model	false	5-Azaspiro[4.4]nonan-5-ium iodide|5Azaspironoiodide|InChI=1S/C8H16N.HI/c1-2-6-9(5-1)7-3-4-8-9;/h1-8H2;1H/q+1;/p-1|DWOWCUCDJIERQX-UHFFFAOYSA-M|C1CC[N+]2(C1)CCCC2.[I-]|C8H16IN		catalog|reference
TRU	model	true	Diethylammonium iodide|Diethylammoniumiodide|InChI=1S/C4H11N.HI/c1-3-5-4-2;/h5H,3-4H2,1-2H3;1H|YYMLRIWBISZOMT-UHFFFAOYSA-N|CC[NH2+]CC.[I-]|C4H12IN		catalog|reference
Cyclohexylmethylammonium Bromide	model	true	LBEXWMLYXHXELS-UHFFFAOYSA-N|[NH3+]CC1CCCCC1.[Br-]|InChI=1S/C7H15N.BrH/c8-6-7-4-2-1-3-5-7;/h7H,1-6,8H2;1H|CyclohexylmethylammoniumBromide|C7H16BrN|Cyclohexylmethylammonium Bromide	InChIKey|SMILES|InChI|Abbreviation|Molecular_Formula|Chemical_Name	catalog|reference
96 Well Plate well#: E6	model	false	N,N-Dimethylethane-1,2-diammonium iodide|NNDimethylethane12diammoniumiodide|InChI=1S/C4H12N2.2HI/c1-6(2)4-3-5;;/h3-5H2,1-2H3;2*1H|BAMDIFIROXTEEM-UHFFFAOYSA-N|C[NH+](C)CC[NH3+].[I-].[I-]|C4H14I2N2		catalog|reference
Plate well#: B4	model	false	N,N-dimethylpropane-1,3-diammonium iodide|NNdimethylpropane13diammoniumiodide|InChI=1S/C5H14N2.2HI/c1-7(2)5-3-4-6;;/h3-6H2,1-2H3;2*1H|JERSPYRKVMAEJY-UHFFFAOYSA-N|C[NH+](C)CCC[NH3+].[I-].[I-]|C5H16I2N2		catalog|reference
96 Well Plate well#: H5	model	false	N,N-Diethylpropane-1,3-diammonium iodide|NNDiethylpropane13diammoniumiodide|InChI=1S/C7H18N2.2HI/c1-3-9(4-2)7-5-6-8;;/h3-8H2,1-2H3;2*1H|NXRUEVJQMBGVAT-UHFFFAOYSA-N|CC[NH+](CC)CCC[NH3+].[I-].[I-]|C7H20I2N2		catalog|reference
96 Well Plate well#: A9	model	false	Di-isopropylammonium iodide|Diisopropylammoniumiodide|InChI=1S/C6H15N.HI/c1-5(2)7-6(3)4;/h5-7H,1-4H3;1H|PBGZCCFVBVEIAS-UHFFFAOYSA-N|CC(C)[NH2+]C(C)C.[I-]|C6H16IN		catalog|reference
Poly(vinyl alcohol), Mw89000-98000, >99% hydrolyzed)	model	true	IMROMDMJAWUWLK-UHFFFAOYSA-N|C{-}(OC(=O)C)C{n+}|PVA|C2H4O|1S/C2H4O/c1-2-3/h2-3H,1H2|Poly(vinyl alcohol), Mw89000-98000, >99% hydrolyzed)	InChIKey|SMILES|Abbreviation|Molecular_Formula|InChI|Chemical_Name	catalog|reference
96 Well Plate well#: C11	model	false	Iso-Propylammonium Bromide |IsoPropylammoniumBromide |InChI=1S/C3H9N.BrH/c1-3(2)4;/h3H,4H2,1-2H3;1H|WGWKNMLSVLOQJB-UHFFFAOYSA-N|CC(C)[NH3+].[Br-]|C3H10BrN		catalog|reference
Lead(II) bromide	model	true	ZASWJUOMEGBQCQ-UHFFFAOYSA-L|PbBr2|Br[Pb]Br|InChI=1S/2BrH.Pb/h2*1H;/q;;+2/p-2|Lead(II) bromide|PbBr2	InChIKey|Molecular_Formula|SMILES|InChI|Chemical_Name|Abbreviation	catalog|reference
Plate well#: D6	model	false	Morpholinium Bromide|MorpholiniumBromide|InChI=1S/C4H9NO.BrH/c1-3-6-4-2-5-1;/h5H,1-4H2;1H|BVJOXYJFOYNQRB-UHFFFAOYSA-N|C1COCC[NH2+]1.[Br-]|C4H10BrNO		catalog|reference
neo-Pentylammonium bromide	model	true	CC(C)(C)C[NH3+].[Br-]|neoPentylammoniumBromide|InChI=1S/C5H13N.BrH/c1-5(2,3)4-6;/h4,6H2,1-3H3;1H|C5H14BrN|neo-Pentylammonium bromide|FEUPHURYMJEUIH-UHFFFAOYSA-N	SMILES|Abbreviation|InChI|Molecular_Formula|Chemical_Name|InChIKey	catalog|reference
96 Well Plate well#: H6	model	false	N,N-dimethylpropane-1,3-diammonium Bromide|NNdimethylpropaneDiammoniumBromide|InChI=1S/C5H14N2.2BrH/c1-7(2)5-3-4-6;;/h3-6H2,1-2H3;2*1H|QIDAXQPTQFYPDP-UHFFFAOYSA-N|C[NH+](C)CCC[NH3+].[Br-].[Br-]|C5H16Br2N2		catalog|reference
Filter Plate well#: C3	model	false	2-Pyrrolidin-1-ium-1-ylethylammonium bromide|2Pyrrolidin1ium1ylethylammoniumbromide|InChI=1S/C6H14N2.2BrH/c7-3-6-8-4-1-2-5-8;;/h1-7H2;2*1H|FPPIGJMXVSXJPF-UHFFFAOYSA-N|[NH3+]CC[NH+]1CCCC1.[Br-].[Br-]|C6H16Br2N2		catalog|reference
Plate well#: A2	model	false	1,4-Benzenediammonium bromide|BenzenediammoniumBromide|InChI=1S/C6H8N2.2BrH/c7-5-1-2-6(8)4-3-5;;/h1-4H,7-8H2;2*1H|KTHOOQOVVOZMIG-UHFFFAOYSA-N|[NH3+]c1ccc([NH3+])cc1.[Br-].[Br-]|C6H10Br2N2		catalog|reference
Stock B	model	true	Butane-1,4-diammonium bromide|ButanediammoniumBromide|InChI=1S/C4H12N2.2BrH/c5-3-1-2-4-6;;/h1-6H2;2*1H|UTDOJTBJZVYMNB-UHFFFAOYSA-N|[NH3+]CCCC[NH3+].[Br-].[Br-]|C4H14Br2N2		stock solution|human prepared
Pyridinium Iodide	model	true	BJDYCCHRZIFCGN-UHFFFAOYSA-N|C5H6IN|InChI=1S/C5H5N.HI/c1-2-4-6-5-3-1;/h1-5H;1H|Pyridinium Iodide|C1=CC=[NH+]C=C1.[I-]|PyridiniumIodide	InChIKey|Molecular_Formula|InChI|Chemical_Name|SMILES|Abbreviation	catalog|reference
Tube: 5mL	model	true	Diethylammonium bromide|DiethylammoniumBromide|InChI=1S/C4H11N.BrH/c1-3-5-4-2;/h5H,3-4H2,1-2H3;1H|AATGHKSFEUVOPF-UHFFFAOYSA-N|CC[NH2+]CC.[Br-]|C4H12BrN		catalog|reference
Filter Plate well#: B8	model	false	N,N-Dimethylethane-1,2-diammonium bromide|NNDimethylethaneDiammoniumBromide|InChI=1S/C4H12N2.2BrH/c1-6(2)4-3-5;;/h3-5H2,1-2H3;2*1H|MDXXRKKHSWLPQO-UHFFFAOYSA-N|CC[NH+](CC)CC[NH3+].[Br-].[Br-]|C4H14Br2N2		catalog|reference
Filter Plate well#: B1	model	false	Hexane-1,6-diammonium bromide|HexaneDiammoniumBromide|InChI=1S/C6H16N2.2BrH/c7-5-3-1-2-4-6-8;;/h1-8H2;2*1H|XSYPBULLQGGYPJ-UHFFFAOYSA-N|[NH3+]CCCCCC[NH3+].[Br-].[Br-]|C6H18Br2N2		catalog|reference
Plate well#: B6	model	false	4-Trifluoromethyl-Benzylammonium bromide|TrifluoromethylBenzylammoniumBromide|InChI=1S/C8H8F3N.BrH/c9-8(10,11)7-3-1-6(5-12)2-4-7;/h1-4H,5,12H2;1H|NKMWCZULQZETPE-UHFFFAOYSA-N|C1(=CC=C(C=C1)C(F)(F)F)C[NH3+].[Br-]|C8H9BrF3N		catalog|reference
Filter Plate well#: B7	model	false	4-Fluoro- Benzylammonium bromide|4FluoroBenzylammoniumBromide|InChI=1S/C7H8FN.BrH/c8-7-3-1-6(5-9)2-4-7;/h1-4H,5,9H2;1H|PHIMWJYSMVBDPA-UHFFFAOYSA-N|[NH3+]Cc1ccc(F)cc1.[Br-]		catalog|reference
t-Butylammonium bromide	model	true	InChI=1S/C4H11N.BrH/c1-4(2,3)5;/h5H2,1-3H3;1H|CQKAPARXKPTKBK-UHFFFAOYSA-N|TButylammoniumBromide|CC(C)(C)[NH3+].[Br-]|t-Butylammonium bromide	InChI|InChIKey|Abbreviation|SMILES|Chemical_Name	catalog|reference
96 Well Plate well#: G12	model	false	4-Fluoro-Phenylammonium bromide|4FluoroPhenBromide|InChI=1S/C6H6FN.BrH/c7-5-1-3-6(8)4-2-5;/h1-4H,8H2;1H|UFXSFFZUFGPRAI-UHFFFAOYSA-N|[NH3+]c1ccc(F)cc1.[Br-]		catalog|reference
Plate well#: B5	model	false	4-methoxy-phenethylammonium-bromide|4MethoxyPhenethylammoniumBromide|InChI=1S/C9H13NO.BrH/c1-11-9-4-2-8(3-5-9)6-7-10;/h2-5H,6-7,10H2,1H3;1H|ZMSVLPNLFXWMKL-UHFFFAOYSA-N|COc1ccc(CC[NH3+])cc1.[Br-]		catalog|reference
Diethylammonium bromide	model	true	DiethylammoniumBromide|CC[NH2+]CC.[Br-]|C4H12BrN|Diethylammonium bromide|AATGHKSFEUVOPF-UHFFFAOYSA-N|InChI=1S/C4H11N.BrH/c1-3-5-4-2;/h5H,3-4H2,1-2H3;1H	Abbreviation|SMILES|Molecular_Formula|Chemical_Name|InChIKey|InChI	catalog|reference
96 Well Plate well#: E5	model	false	Cyclohexylammonium bromide|CyclohexylammoniumBromide|InChI=1S/C6H13N.BrH/c7-6-4-2-1-3-5-6;/h6H,1-5,7H2;1H|QOHWJRRXQPGIQW-UHFFFAOYSA-N|[NH3+]C1CCCCC1.[Br-]		catalog|reference
Phenethylammonium bromide	model	true	Phenethylammoniumbromide|InChI=1S/C8H11N.BrH/c9-7-6-8-4-2-1-3-5-8;/h1-5H,6-7,9H2;1H|c1ccc(cc1)CC[NH3+].[Br-]|IRAGENYJMTVCCV-UHFFFAOYSA-N|C8H12BrN|Phenethylammonium bromide	Abbreviation|InChI|SMILES|InChIKey|Molecular_Formula|Chemical_Name	catalog|reference
CoCl2 Stock	model	true	Imidazolium bromide|ImidazoliumBromide|InChI=1S/C3H4N2.BrH/c1-2-5-3-4-1;/h1-3H,(H,4,5);1H|VWUCIBOKNZGWLX-UHFFFAOYSA-N|c1c[nH+]c[nH]1.[Br-]		stock solution|human prepared
Pyrrolidinium Bromide	model	true	pyrrolidiniumBromide|C4H10BrN|InChI=1S/C4H9N.BrH/c1-2-4-5-3-1;/h5H,1-4H2;1H|Pyrrolidinium Bromide|C1CC[NH2+]C1.[Br-]|VFDOIPKMSSDMCV-UHFFFAOYSA-N	Abbreviation|Molecular_Formula|InChI|Chemical_Name|SMILES|InChIKey	catalog|reference
Filter Plate well#: E5	model	false	n-Butylammonium bromide|NButylammoniumBromide|InChI=1S/C4H11N.BrH/c1-2-3-4-5;/h2-5H2,1H3;1H|SXGBREZGMJVYRL-UHFFFAOYSA-N|CCCC[NH3+].[Br-]		catalog|reference
96 Well Plate well#: H1	model	false	n-Hexylammonium bromide|NHexylammoniumBromide|InChI=1S/C6H15N.BrH/c1-2-3-4-5-6-7;/h2-7H2,1H3;1H|ZLSVALLKHLKICA-UHFFFAOYSA-N|CCCCCC[NH3+].[Br-]		catalog|reference
96 Well Plate well#: C4	model	false	n-Octylammonium bromide|NOctylammoniumBromide|InChI=1S/C8H19N.BrH/c1-2-3-4-5-6-7-8-9;/h2-9H2,1H3;1H|GIDDQKKGAYONOU-UHFFFAOYSA-N|CCCCCCCC[NH3+].[Br-]		catalog|reference
n-Octylammonium bromide	model	true	n-Octylammonium bromide|InChI=1S/C8H19N.BrH/c1-2-3-4-5-6-7-8-9;/h2-9H2,1H3;1H|GIDDQKKGAYONOU-UHFFFAOYSA-N|NOctylammoniumBromide|CCCCCCCC[NH3+].[Br-]	Chemical_Name|InChI|InChIKey|Abbreviation|SMILES	catalog|reference
Filter Plate well#: D3	model	false	N,N-Diethylpropane-1,3-diammonium bromide|NNDiethylpropaneDiammoniumBromide|InChI=1S/C7H18N2.2BrH/c1-3-9(4-2)7-5-6-8;;/h3-8H2,1-2H3;2*1H|WIEDADHWBFYIRI-UHFFFAOYSA-N|CC[NH+](CC)CCC[NH3+].[Br-].[Br-]		catalog|reference
96 Well Plate well#: B7	model	false	Phenylammonium bromide|PhenylammoniumBromide|InChI=1S/C6H7N.BrH/c7-6-4-2-1-3-5-6;/h1-5H,7H2;1H|KBPWECBBZZNAIE-UHFFFAOYSA-N|[NH3+]c1ccccc1.[Br-]		catalog|reference
Filter Plate well#: B5	model	false	Pyridinium bromide|PyridiniumBromide|InChI=1S/C5H5N.BrH/c1-2-4-6-5-3-1;/h1-5H;1H|BBFCIBZLAVOLCF-UHFFFAOYSA-N|c1cc[nH+]cc1.[Br-]		catalog|reference
Methylammonium iodide	model	true	InChI=1S/CH5N.HI/c1-2;/h2H2,1H3;1H|MeNH3I|LLWRXQXPJMPHLR-UHFFFAOYSA-N|Methylammonium iodide|CH6IN|C[NH3+].[I-]	InChI|Abbreviation|InChIKey|Chemical_Name|Molecular_Formula|SMILES	catalog|reference
96 Well Plate well#: G10	model	false	tert-Octylammonium bromide|TOctylammoniumBromide|InChI=1S/C8H19N.BrH/c1-7(2,3)6-8(4,5)9;/h6,9H2,1-5H3;1H|GDLPVSVSDKCFKN-UHFFFAOYSA-N|CC(C)(C)CC(C)(C)[NH3+].[Br-]		catalog|reference
4-Fluoro-Phenethylammonium bromide	model	true	[NH3+]CCc1ccc(F)cc1.[Br-]|InChI=1S/C8H10FN.BrH/c9-8-3-1-7(2-4-8)5-6-10;/h1-4H,5-6,10H2;1H|4-Fluoro-Phenethylammonium bromide|ORNUPOUGVYVYHV-UHFFFAOYSA-N|4FluoroPhenethylammoniumBromide	SMILES|InChI|Chemical_Name|InChIKey|Abbreviation	catalog|reference
Iso-Propylammonium Bromide 	model	true	CC(C)[NH3+].[Br-]|C3H10BrN|Iso-Propylammonium Bromide |InChI=1S/C3H9N.BrH/c1-3(2)4;/h3H,4H2,1-2H3;1H|WGWKNMLSVLOQJB-UHFFFAOYSA-N|IsoPropylammoniumBromide 	SMILES|Molecular_Formula|Chemical_Name|InChI|InChIKey|Abbreviation	catalog|reference
96 Well Plate well#: G5	model	false			
96 Well Plate well#: E4	model	false			
96 Well Plate well#: D12	model	false			
4-Trifluoromethyl-Benzylammonium bromide	model	true	InChI=1S/C8H8F3N.BrH/c9-8(10,11)7-3-1-6(5-12)2-4-7;/h1-4H,5,12H2;1H|C1(=CC=C(C=C1)C(F)(F)F)C[NH3+].[Br-]|4-Trifluoromethyl-Benzylammonium bromide|NKMWCZULQZETPE-UHFFFAOYSA-N|TrifluoromethylBenzylammoniumBromide|C8H9BrF3N	InChI|SMILES|Chemical_Name|InChIKey|Abbreviation|Molecular_Formula	catalog|reference
Filter Plate well#: A4	model	false			
Plate well#: A1	model	false			
Filter Plate well#: F3	model	false			
96 Well Plate well#: E8	model	false			
Filter Plate well#: A5	model	false			
96 Well Plate well#: B1	model	false			
Plate well#: A6	model	false			
Cation, 50WX8	model	true			
Ethane-1,2-diammonium iodide	model	true	EthylenediamineDihydriodide|C(C[NH3+])[NH3+].[I-].[I-]|C2H10I2N2|InChI=1S/C2H8N2.2HI/c3-1-2-4;;/h1-4H2;2*1H|IWNWLPUNKAYUAW-UHFFFAOYSA-N|Ethane-1,2-diammonium iodide	Abbreviation|SMILES|Molecular_Formula|InChI|InChIKey|Chemical_Name	catalog|reference
Formamidinium Iodide	model	true	CH5IN2|Formamidinium Iodide|FormamidiniumIodide|InChI=1S/CH4N2.HI/c2-1-3;/h1H,(H3,2,3);1H|QHJPGANWSLEMTI-UHFFFAOYSA-N|C(=N)[NH3+].[I-]	Molecular_Formula|Chemical_Name|Abbreviation|InChI|InChIKey|SMILES	catalog|reference
Filter Plate well#: C6	model	false			
96 Well Plate well#: B8	model	false			
96 Well Plate well#: F12	model	false			
Morpholinium Iodide	model	true	C4H10INO|MorpholiniumIodide|Morpholinium Iodide|VAWHFUNJDMQUSB-UHFFFAOYSA-N|C1COCC[NH2+]1.[I-]|InChI=1S/C4H9NO.HI/c1-3-6-4-2-5-1;/h5H,1-4H2;1H	Molecular_Formula|Abbreviation|Chemical_Name|InChIKey|SMILES|InChI	catalog|reference
Formamidinium bromide	model	true	InChI=1S/CH4N2.BrH/c2-1-3;/h1H,(H3,2,3);1H|CH5BrN2|FABr|QWANGZFTSGZRPZ-UHFFFAOYSA-N|Formamidinium bromide|C(=[NH2+])N.[Br-]	InChI|Molecular_Formula|Abbreviation|InChIKey|Chemical_Name|SMILES	catalog|reference
Morpholinium Bromide	model	true	BVJOXYJFOYNQRB-UHFFFAOYSA-N|Morpholinium Bromide|C1COCC[NH2+]1.[Br-]|MorpholiniumBromide|C4H10BrNO|InChI=1S/C4H9NO.BrH/c1-3-6-4-2-5-1;/h5H,1-4H2;1H	InChIKey|Chemical_Name|SMILES|Abbreviation|Molecular_Formula|InChI	catalog|reference
Dimethyl sulfoxide	model	true	InChI=1S/C2H6OS/c1-4(2)3/h1-2H3|IAZDPXIOMUYVGZ-UHFFFAOYSA-N|CS(=O)C|Dimethyl sulfoxide|DMSO|C2H6OS	InChI|InChIKey|SMILES|Chemical_Name|Abbreviation|Molecular_Formula	solvent|catalog|reference
Quinuclidin-1-ium bromide	model	true	QuinuclidiniumBromide|DYEHDACATJUKSZ-UHFFFAOYSA-N|C7H14BrN|InChI=1S/C7H13N.BrH/c1-4-8-5-2-7(1)3-6-8;/h7H,1-6H2;1H|Quinuclidin-1-ium bromide|C1C[NH+]2CCC1CC2.[Br-]	Abbreviation|InChIKey|Molecular_Formula|InChI|Chemical_Name|SMILES	catalog|reference
96 Well Plate well#: E11	model	false			
N,N-dimethylpropane-1,3-diammonium Bromide	model	true	QIDAXQPTQFYPDP-UHFFFAOYSA-N|N,N-dimethylpropane-1,3-diammonium Bromide|C[NH+](C)CCC[NH3+].[Br-].[Br-]|NNdimethylpropaneDiammoniumBromide|InChI=1S/C5H14N2.2BrH/c1-7(2)5-3-4-6;;/h3-6H2,1-2H3;2*1H|C5H16Br2N2	InChIKey|Chemical_Name|SMILES|Abbreviation|InChI|Molecular_Formula	catalog|reference
Pyrrolidinium Iodide	model	true	DMFMZFFIQRMJQZ-UHFFFAOYSA-N|PyrrolidiniumIodide|C1CC[NH2+]C1.[I-]|C4H10IN|Pyrrolidinium Iodide|InChI=1S/C4H9N.HI/c1-2-4-5-3-1;/h5H,1-4H2;1H	InChIKey|Abbreviation|SMILES|Molecular_Formula|Chemical_Name|InChI	catalog|reference
96 Well Plate well#: D7	model	false			
CoCl2	model	true			separation target
Filter Plate well#: F4	model	false			
1,4-Benzene diammonium iodide	model	true	C6H10I2N2|RYYSZNVPBLKLRS-UHFFFAOYSA-N|Benzenediaminedihydroiodide|C1=CC(=CC=C1[NH3+])[NH3+].[I-].[I-]|1,4-Benzene diammonium iodide|nChI=1S/C6H8N2.2HI/c7-5-1-2-6(8)4-3-5;;/h1-4H,7-8H2;2*1H	Molecular_Formula|InChIKey|Abbreviation|SMILES|Chemical_Name|InChI	catalog|reference
4-Methoxy-Phenylammonium bromide	model	true	RJMOZBXAFVSKRY-UHFFFAOYSA-N|4-Methoxy-Phenylammonium bromide|COc1ccc([NH3+])cc1.[Br-]|InChI=1S/C7H9NO.BrH/c1-9-7-4-2-6(8)3-5-7;/h2-5H,8H2,1H3;1H|4MethoxyPhenylammoniumBromide	InChIKey|Chemical_Name|SMILES|InChI|Abbreviation	catalog|reference
96 Well Plate well#: C7	model	false			
96 Well Plate well#: C2	model	false			
Phenylammonium bromide	model	true	KBPWECBBZZNAIE-UHFFFAOYSA-N|PhenylammoniumBromide|[NH3+]c1ccccc1.[Br-]|InChI=1S/C6H7N.BrH/c7-6-4-2-1-3-5-6;/h1-5H,7H2;1H|Phenylammonium bromide	InChIKey|Abbreviation|SMILES|InChI|Chemical_Name	catalog|reference
Butane-1,4-diammonium bromide	model	true	ButanediammoniumBromide|InChI=1S/C4H12N2.2BrH/c5-3-1-2-4-6;;/h1-6H2;2*1H|UTDOJTBJZVYMNB-UHFFFAOYSA-N|[NH3+]CCCC[NH3+].[Br-].[Br-]|C4H14Br2N2|Butane-1,4-diammonium bromide	Abbreviation|InChI|InChIKey|SMILES|Molecular_Formula|Chemical_Name	catalog|reference
Plate well#: A4	model	false			
Filter Plate well#: F7	model	false			
96 Well Plate well#: C1	model	false			
Pralidoxime iodide	model	true	Pralidoxime iodide|C7H9IN2O|InChI=1S/C7H8N2O.HI/c1-9-5-3-2-4-7(9)6-8-10;/h2-6H,1H3;1H/b7-6+;|PralidoximeIodide|CN1C=CC=CC1=C[NH+]=O.[I-]|QNBVYCDYFJUNLO-UHDJGPCESA-N	Chemical_Name|Molecular_Formula|InChI|Abbreviation|SMILES|InChIKey	catalog|reference
96 Well Plate well#: E10	model	false			
Phenylammonium Iodide	model	true	InChI=1S/C6H7N.HI/c7-6-4-2-1-3-5-6;/h1-5H,7H2;1H|Phenylammonium Iodide|KFQARYBEAKAXIC-UHFFFAOYSA-N|C6H8IN|PhenylammoniumIodide|C1=CC=C(C=C1)[NH3+].[I-]	InChI|Chemical_Name|InChIKey|Molecular_Formula|Abbreviation|SMILES	catalog|reference
96 Well Plate well#: F9	model	false			
96 Well Plate well#: G2	model	false			
Plate well#: B3	model	false			
N,N-Diethylpropane-1,3-diammonium bromide	model	true	InChI=1S/C7H18N2.2BrH/c1-3-9(4-2)7-5-6-8;;/h3-8H2,1-2H3;2*1H|WIEDADHWBFYIRI-UHFFFAOYSA-N|NNDiethylpropaneDiammoniumBromide|CC[NH+](CC)CCC[NH3+].[Br-].[Br-]|N,N-Diethylpropane-1,3-diammonium bromide	InChI|InChIKey|Abbreviation|SMILES|Chemical_Name	catalog|reference
96 Well Plate well#: E1	model	false			
Filter Plate well#: E7	model	false			
4-Fluoro- Benzylammonium bromide	model	true	[NH3+]Cc1ccc(F)cc1.[Br-]|4-Fluoro- Benzylammonium bromide|4FluoroBenzylammoniumBromide|PHIMWJYSMVBDPA-UHFFFAOYSA-N|InChI=1S/C7H8FN.BrH/c8-7-3-1-6(5-9)2-4-7;/h1-4H,5,9H2;1H	SMILES|Chemical_Name|Abbreviation|InChIKey|InChI	catalog|reference
96 Well Plate well#: H11	model	false			
96 Well Plate well#: D4	model	false			
96 Well Plate well#: F5	model	false			
4-methoxy-phenethylammonium-bromide	model	true	ZMSVLPNLFXWMKL-UHFFFAOYSA-N|COc1ccc(CC[NH3+])cc1.[Br-]|4-methoxy-phenethylammonium-bromide|InChI=1S/C9H13NO.BrH/c1-11-9-4-2-8(3-5-9)6-7-10;/h2-5H,6-7,10H2,1H3;1H|4MethoxyPhenethylammoniumBromide	InChIKey|SMILES|Chemical_Name|InChI|Abbreviation	catalog|reference
96 Well Plate well#: D1	model	false			
4-Fluoro-Phenylammonium bromide	model	true	4FluoroPhenBromide|[NH3+]c1ccc(F)cc1.[Br-]|4-Fluoro-Phenylammonium bromide|UFXSFFZUFGPRAI-UHFFFAOYSA-N|InChI=1S/C6H6FN.BrH/c7-5-1-3-6(8)4-2-5;/h1-4H,8H2;1H	Abbreviation|SMILES|Chemical_Name|InChIKey|InChI	catalog|reference
iso-Pentylammonium iodide	model	true	C5H14IN|iso-Pentylammonium iodide|UZHWWTHDRVLCJU-UHFFFAOYSA-N|CC(CC[NH3+])C.[I-]|IPentylammoniumIodide|InChI=1S/C5H13N.HI/c1-5(2)3-4-6;/h5H,3-4,6H2,1-2H3;1H	Molecular_Formula|Chemical_Name|InChIKey|SMILES|Abbreviation|InChI	catalog|reference
Filter Plate well#: A1	model	false			
96 Well Plate well#: G11	model	false			
96 Well Plate well#: C6	model	false			
Plate well#: D1	model	false			
96 Well Plate well#: A5	model	false			
N,N-dimethylpropane-1,3-diammonium iodide	model	true	C[NH+](C)CCC[NH3+].[I-].[I-]|InChI=1S/C5H14N2.2HI/c1-7(2)5-3-4-6;;/h3-6H2,1-2H3;2*1H|NNdimethylpropane13diammoniumiodide|C5H16I2N2|JERSPYRKVMAEJY-UHFFFAOYSA-N|N,N-dimethylpropane-1,3-diammonium iodide	SMILES|InChI|Abbreviation|Molecular_Formula|InChIKey|Chemical_Name	catalog|reference
Filter Plate well#: E8	model	false			
Filter Plate well#: B6	model	false			
96 Well Plate well#: A1	model	false			
96 Well Plate well#: E9	model	false			
Beta Alanine Hydroiodide	model	true	betaAlanineHydroiodide|Beta Alanine Hydroiodide|XAKAQFUGWUAPJN-UHFFFAOYSA-N|[I-].[NH3+]CCC(O)=O|InChI=1S/C3H7NO2.HI/c4-2-1-3(5)6;/h1-2,4H2,(H,5,6);1H	Abbreviation|Chemical_Name|InChIKey|SMILES|InChI	catalog|reference
Filter Plate well#: D7	model	false			
i-Propylammonium iodide	model	true	InChI=1S/C3H9N.HI/c1-3(2)4;/h3H,4H2,1-2H3;1H|i-Propylammonium iodide|C3H10IN|iPropylammoniumIodide|VMLAEGAAHIIWJX-UHFFFAOYSA-N|CC(C)[NH3+].[I-]	InChI|Chemical_Name|Molecular_Formula|Abbreviation|InChIKey|SMILES	catalog|reference
Plate well#: C1	model	false			
Filter Plate well#: F2	model	false			
96 Well Plate well#: A4	model	false			
4-methoxy-phenethylammonium-iodide	model	true	[I-].[NH3+](CCC1=CC=C(C=C1)OC)|QNNYEDWTOZODAS-UHFFFAOYSA-N|InChI=1S/C9H13NO.HI/c1-11-9-4-2-8(3-5-9)6-7-10;/h2-5H,6-7,10H2,1H3;1H|4-methoxy-phenethylammonium-iodide|4methoxyphenethylammoniumiodide	SMILES|InChIKey|InChI|Chemical_Name|Abbreviation	catalog|reference
Filter Plate well#: E3	model	false			
Benzylammonium Bromide	model	true	QJFMCHRSDOLMHA-UHFFFAOYSA-N|InChI=1S/C7H9N.BrH/c8-6-7-4-2-1-3-5-7;/h1-5H,6,8H2;1H|Benzylammonium Bromide|C1=CC=C(C=C1)C[NH3+].[Br-]|C7H10BrN|benzylammoniumbromide	InChIKey|InChI|Chemical_Name|SMILES|Molecular_Formula|Abbreviation	catalog|reference
96 Well Plate well#: F1	model	false			
iso-Butylammonium bromide	model	true	CC(C)C[NH3+].[Br-]|InChI=1S/C4H11N.BrH/c1-4(2)3-5;/h4H,3,5H2,1-2H3;1H|RFYSBVUZWGEPBE-UHFFFAOYSA-N|C4H12BrN|iButylammoniumBromide|iso-Butylammonium bromide	SMILES|InChI|InChIKey|Molecular_Formula|Abbreviation|Chemical_Name	catalog|reference
96 Well Plate well#: H10	model	false			
Filter Plate: 48 Well	model	false			
HCl-12M	model	true			
Filter Plate well#: F8	model	false			
Formic Acid	model	true	CH2O2|BDAGIHXWWSANSR-UHFFFAOYSA-N|C(=O)O|InChI=1S/CH2O2/c2-1-3/h1H,(H,2,3)|FAH|Formic Acid	Molecular_Formula|InChIKey|SMILES|InChI|Abbreviation|Chemical_Name	solvent|antisolvent|catalog|reference
96 Well Plate well#: B12	model	false			separation target
96 Well Plate well#: C12	model	false			
Stock A	model	true			stock solution|human prepared
96 Well Plate well#: G9	model	false			stock solution|human prepared
Plate well#: A5	model	false			
Filter Plate well#: F1	model	false			
96 Well Plate well#: F10	model	false			
96 Well Plate well#: H12	model	false			
Di-iso-Propylammonium bromide	model	true	Di-iso-Propylammonium bromide|C6H16BrN|InChI=1S/C6H15N.BrH/c1-5(2)7-6(3)4;/h5-7H,1-4H3;1H|KIJXMUOJNZXYHU-UHFFFAOYSA-N|CC(C)[NH2+]C(C)C.[Br-]|DiIsoPropylammoniumBromide	Chemical_Name|Molecular_Formula|InChI|InChIKey|SMILES|Abbreviation	catalog|reference
n-Hexylammonium iodide	model	true	C6H16IN|InChI=1S/C6H15N.HI/c1-2-3-4-5-6-7;/h2-7H2,1H3;1H|CCCCCC[NH3+].[I-]|VNAAUNTYIONOHR-UHFFFAOYSA-N|n-Hexylammonium iodide|nHexylammoniumIodide	Molecular_Formula|InChI|SMILES|InChIKey|Chemical_Name|Abbreviation	catalog|reference
2-Pyrrolidin-1-ium-1-ylethylammonium iodide	model	true	UVLZLKCGKYLKOR-UHFFFAOYSA-N|2-Pyrrolidin-1-ium-1-ylethylammonium iodide|C6H16I2N2|2Pyrrolidin1ium1ylethylammoniumiodide|InChI=1S/C6H14N2.2HI/c7-3-6-8-4-1-2-5-8;;/h1-7H2;2*1H|C1CC[NH+](C1)CC[NH3+].[I-].[I-]	InChIKey|Chemical_Name|Molecular_Formula|Abbreviation|InChI|SMILES	catalog|reference
Filter Plate well#: D2	model	false			
Filter Plate well#: A6	model	false			
96 Well Plate well#: D9	model	false			
Plate well#: A3	model	false			
Pyridinium bromide	model	true	BBFCIBZLAVOLCF-UHFFFAOYSA-N|PyridiniumBromide|InChI=1S/C5H5N.BrH/c1-2-4-6-5-3-1;/h1-5H;1H|c1cc[nH+]cc1.[Br-]|Pyridinium bromide	InChIKey|Abbreviation|InChI|SMILES|Chemical_Name	catalog|reference
Quinuclidin-1-ium iodide	model	true	InChI=1S/C7H13N.HI/c1-4-8-5-2-7(1)3-6-8;/h7H,1-6H2;1H|Quinuclidin-1-ium iodide|C1C[NH+]2CCC1CC2.[I-]|QuinuclidiniumIodide|LYHPZBKXSHVBDW-UHFFFAOYSA-N	InChI|Chemical_Name|SMILES|Abbreviation|InChIKey	catalog|reference
n-Butylammonium bromide	model	true	SXGBREZGMJVYRL-UHFFFAOYSA-N|NButylammoniumBromide|CCCC[NH3+].[Br-]|InChI=1S/C4H11N.BrH/c1-2-3-4-5;/h2-5H2,1H3;1H|n-Butylammonium bromide	InChIKey|Abbreviation|SMILES|InChI|Chemical_Name	catalog|reference
96 Well Plate well#: D5	model	false			
Filter Plate well#: C5	model	false			
96 Well Plate well#: D2	model	false			
Plate well#: C4	model	false			
neo-Pentylammonium iodide	model	true	C5H14IN|neoPentylammoniumIodide|neo-Pentylammonium iodide|CQWGDVVCKBJLNX-UHFFFAOYSA-N|InChI=1S/C5H13N.HI/c1-5(2,3)4-6;/h4,6H2,1-3H3;1H|[I-].CC(C)(C)C[NH3+]	Molecular_Formula|Abbreviation|Chemical_Name|InChIKey|InChI|SMILES	catalog|reference
96 Well Plate well#: C8	model	false			
Plate well#: D3	model	false			
96 Well Plate well#: G7	model	false			
iso-Pentylammonium bromide	model	true	iso-Pentylammonium bromide|IsoPentylammoniumBromide|CC(C)CC[NH3+].[Br-]|OJOMXIACRLGDRB-UHFFFAOYSA-N|InChI=1S/C5H13N.BrH/c1-5(2)3-4-6;/h5H,3-4,6H2,1-2H3;1H	Chemical_Name|Abbreviation|SMILES|InChIKey|InChI	catalog|reference
Guanidinium bromide	model	true	InChI=1S/CH5N3.BrH/c2-1(3)4;/h(H5,2,3,4);1H|C(=[NH2+])(N)N.[Br-]|VQNVZLDDLJBKNS-UHFFFAOYSA-N|GnNH3Br|CH6BrN3|Guanidinium bromide	InChI|SMILES|InChIKey|Abbreviation|Molecular_Formula|Chemical_Name	catalog|reference
96 Well Plate well#: A11	model	false			
96 Well Plate well#: G3	model	false			
Filter Plate well#: C7	model	false			
tert-Octylammonium iodide	model	true	UXYJHTKQEFCXBJ-UHFFFAOYSA-N|C(CC(C)(C)[NH3+])(C)(C)C.[I-]|C8H20IN|tert-Octylammonium iodide|TertOctylammoniumIodide|InChI=1S/C8H19N.HI/c1-7(2,3)6-8(4,5)9;/h6,9H2,1-5H3;1H	InChIKey|SMILES|Molecular_Formula|Chemical_Name|Abbreviation|InChI	catalog|reference
96 Well Plate well#: A8	model	false			
Plate well#: C5	model	false			
n-Butylammonium iodide	model	true	InChI=1S/C4H11N.HI/c1-2-3-4-5;/h2-5H2,1H3;1H|CALQKRVFTWDYDG-UHFFFAOYSA-N|n-Butylammonium iodide|CCCC[NH3+].[I-]|n-BuNH3I|C4H12IN	InChI|InChIKey|Chemical_Name|SMILES|Abbreviation|Molecular_Formula	catalog|reference
Propane-1,3-diammonium iodide	model	true	InChI=1S/C3H10N2.HI/c4-2-1-3-5;/h1-5H2;1H/p+1|C3H12IN2|UMDDLGMCNFAZDX-UHFFFAOYSA-O|Propane-1,3-diammonium iodide|Propane13diammoniumIodide|[NH3+]CCC[NH3+].[I-].[I-]	InChI|Molecular_Formula|InChIKey|Chemical_Name|Abbreviation|SMILES	catalog|reference
Filter Plate well#: B2	model	false			
96 Well Plate well#: G6	model	false			
4-Trifluoromethyl-Benzylammonium iodide	model	true	SQXJHWOXNLTOOO-UHFFFAOYSA-N|4TrifluoromethylBenzylammoniumIodide|InChI=1S/C8H8F3N.HI/c9-8(10,11)7-3-1-6(5-12)2-4-7;/h1-4H,5,12H2;1H|C8H9F3IN|C1(=CC=C(C=C1)C(F)(F)F)C[NH3+].[I-]|4-Trifluoromethyl-Benzylammonium iodide	InChIKey|Abbreviation|InChI|Molecular_Formula|SMILES|Chemical_Name	catalog|reference
iso-Butylammonium iodide	model	true	iso-Butylammonium iodide|FCTHQYIDLRRROX-UHFFFAOYSA-N|iButylammoniumIodide|[I-].CC(C)C[NH3+]|InChI=1S/C4H11N.HI/c1-4(2)3-5;/h4H,3,5H2,1-2H3;1H|C4H12IN	Chemical_Name|InChIKey|Abbreviation|SMILES|InChI|Molecular_Formula	catalog|reference
n-Hexylammonium bromide	model	true	ZLSVALLKHLKICA-UHFFFAOYSA-N|n-Hexylammonium bromide|CCCCCC[NH3+].[Br-]|NHexylammoniumBromide|InChI=1S/C6H15N.BrH/c1-2-3-4-5-6-7;/h2-7H2,1H3;1H	InChIKey|Chemical_Name|SMILES|Abbreviation|InChI	catalog|reference
Plate well	model	false			
Gamma-Butyrolactone	model	true	Gamma-Butyrolactone|C1CC(=O)OC1|InChI=1S/C4H6O2/c5-4-2-1-3-6-4/h1-3H2|GBL|C4H6O2|YEJRWHAVMIAJKC-UHFFFAOYSA-N	Chemical_Name|SMILES|InChI|Abbreviation|Molecular_Formula|InChIKey	solvent|catalog|reference
Filter Plate well#: D1	model	false			
96 Well Plate well#: B4	model	false			
Cyclohexylammonium bromide	model	true	Cyclohexylammonium bromide|CyclohexylammoniumBromide|QOHWJRRXQPGIQW-UHFFFAOYSA-N|InChI=1S/C6H13N.BrH/c7-6-4-2-1-3-5-6;/h6H,1-5,7H2;1H|[NH3+]C1CCCCC1.[Br-]	Chemical_Name|Abbreviation|InChIKey|InChI|SMILES	catalog|reference
t-Butylammonium Iodide	model	true	InChI=1S/C4H11N.HI/c1-4(2,3)5;/h5H2,1-3H3;1H|CC(C)(C)[NH3+].[I-]|tButylammoniumIodide|NLJDBTZLVTWXRG-UHFFFAOYSA-N|t-Butylammonium Iodide|C4H12IN	InChI|SMILES|Abbreviation|InChIKey|Chemical_Name|Molecular_Formula	catalog|reference
96 Well Plate well#: B9	model	false			
Filter Plate well#: C4	model	false			
Ethylammonium bromide	model	true	Ethylammonium bromide|C2H8BrN|CC[NH3+].[Br-]|PNZDZRMOBIIQTC-UHFFFAOYSA-N|EtNH3Br|InChI=1S/C2H7N.BrH/c1-2-3;/h2-3H2,1H3;1H	Chemical_Name|Molecular_Formula|SMILES|InChIKey|Abbreviation|InChI	catalog|reference
Guanidinium iodide	model	true	CH6IN3|C(=[NH2+])(N)N.[I-]|Guanidinium iodide|InChI=1S/CH5N3.HI/c2-1(3)4;/h(H5,2,3,4);1H|UUDRLGYROXTISK-UHFFFAOYSA-N|GnNH3I	Molecular_Formula|SMILES|Chemical_Name|InChI|InChIKey|Abbreviation	catalog|reference
1,4-Benzenediammonium bromide	model	true	C6H10Br2N2|1,4-Benzenediammonium bromide|BenzenediammoniumBromide|InChI=1S/C6H8N2.2BrH/c7-5-1-2-6(8)4-3-5;;/h1-4H,7-8H2;2*1H|KTHOOQOVVOZMIG-UHFFFAOYSA-N|[NH3+]c1ccc([NH3+])cc1.[Br-].[Br-]	Molecular_Formula|Chemical_Name|Abbreviation|InChI|InChIKey|SMILES	catalog|reference
Filter Plate well#: E4	model	false			
Filter Plate well#: B4	model	false			
96 Well Plate well#: C9	model	false			
4-Methoxy-Phenylammonium iodide	model	true	C1(=CC=C(C=C1)OC)[NH3+].[I-]|4-Methoxy-Phenylammonium iodide|InChI=1S/C7H9NO.HI/c1-9-7-4-2-6(8)3-5-7;/h2-5H,8H2,1H3;1H|4MethoxyPhenylammoniumIodide|QRFXELVDJSDWHX-UHFFFAOYSA-N|C7H10INO	SMILES|Chemical_Name|InChI|Abbreviation|InChIKey|Molecular_Formula	catalog|reference
Plate well#: C2	model	false			
96 Well Plate well#: F3	model	false			
Phenethylammonium iodide 	model	true	PhEtNH3I|C1=CC=C(C=C1)CC[NH3+].[I-]|InChI=1S/C8H11N.HI/c9-7-6-8-4-2-1-3-5-8;/h1-5H,6-7,9H2;1H|Phenethylammonium iodide |C8H12IN|UPHCENSIMPJEIS-UHFFFAOYSA-N	Abbreviation|SMILES|InChI|Chemical_Name|Molecular_Formula|InChIKey	catalog|reference
Filter Plate well#: B3	model	false			
96 Well Plate well#: E2	model	false			
96 Well Plate well#: H9	model	false			
Plate well#: D2	model	false			
Piperazine-1,4-diium bromide	model	true	UXWKNNJFYZFNDI-UHFFFAOYSA-N|PiperazinediiumDiBromide|C4H12Br2N2|Piperazine-1,4-diium bromide|C1C[NH2+]CC[NH2+]1.[Br-].[Br-]|InChI=1S/C4H10N2.2BrH/c1-2-6-4-3-5-1;;/h5-6H,1-4H2;2*1H	InChIKey|Abbreviation|Molecular_Formula|Chemical_Name|SMILES|InChI	catalog|reference
Filter Plate well#: C2	model	false			
96 Well Plate well#: D11	model	false			
Di-isopropylammonium iodide	model	true	C6H16IN|Diisopropylammoniumiodide|PBGZCCFVBVEIAS-UHFFFAOYSA-N|InChI=1S/C6H15N.HI/c1-5(2)7-6(3)4;/h5-7H,1-4H3;1H|Di-isopropylammonium iodide|CC(C)[NH2+]C(C)C.[I-]	Molecular_Formula|Abbreviation|InChIKey|InChI|Chemical_Name|SMILES	catalog|reference
96 Well Plate well#: H7	model	false			
Cyclohexylmethylammonium iodide	model	true	C7H16IN|InChI=1S/C7H15N.HI/c1-8-7-5-3-2-4-6-7;/h7-8H,2-6H2,1H3;1H|Cyclohexylmethylammonium iodide|CyclohexylmethylammoniumIodide|C1CCC(CC1)C[NH3+].[I-]|ZEVRFFCPALTVDN-UHFFFAOYSA-N	Molecular_Formula|InChI|Chemical_Name|Abbreviation|SMILES|InChIKey	catalog|reference
Plate well#: B1	model	false			
2-Methoxyethylammonium bromide	model	true	2MethoxyEthylammoniumBromide|COCC[NH3+].[Br-]|XAZUEHTWFIPWFR-UHFFFAOYSA-N|2-Methoxyethylammonium bromide|InChI=1S/C3H9NO.BrH/c1-5-3-2-4;/h2-4H2,1H3;1H	Abbreviation|SMILES|InChIKey|Chemical_Name|InChI	catalog|reference
96 Well Plate well#: H4	model	false			
Filter Plate well#: D6	model	false			
Benzylammonium Iodide	model	true	C7H10IN|InChI=1S/C7H9N.HI/c8-6-7-4-2-1-3-5-7;/h1-5H,6,8H2;1H|PPCHYMCMRUGLHR-UHFFFAOYSA-N|C1=CC=C(C=C1)C[NH3+].[I-]|Benzylammonium Iodide|BenzylammoniumIodide	Molecular_Formula|InChI|InChIKey|SMILES|Chemical_Name|Abbreviation	catalog|reference
N-propylammonium Iodide	model	true	GIAPQOZCVIEHNY-UHFFFAOYSA-N|[I-].[NH3+]CCC|NPropylammoniumIodide|C3H10IN|N-propylammonium Iodide|InChI=1S/C3H9N.HI/c1-2-3-4;/h2-4H2,1H3;1H	InChIKey|SMILES|Abbreviation|Molecular_Formula|Chemical_Name|InChI	catalog|reference
Cyclohexylammonium iodide	model	true	CyclohexylammoniumIodide|C6H14IN|C1CCC(CC1)[NH3+].[I-]|WGYRINYTHSORGH-UHFFFAOYSA-N|InChI=1S/C6H13N.HI/c7-6-4-2-1-3-5-6;/h6H,1-5,7H2;1H|Cyclohexylammonium iodide	Abbreviation|Molecular_Formula|SMILES|InChIKey|InChI|Chemical_Name	catalog|reference
Imidazolium bromide	model	true	ImidazoliumBromide|VWUCIBOKNZGWLX-UHFFFAOYSA-N|Imidazolium bromide|InChI=1S/C3H4N2.BrH/c1-2-5-3-4-1;/h1-3H,(H,4,5);1H|c1c[nH+]c[nH]1.[Br-]	Abbreviation|InChIKey|Chemical_Name|InChI|SMILES	catalog|reference
Acetamidinium iodide	model	true	Acetamidinium iodide|C2H7IN2|CC(=[NH2+])N.[I-]|AcNH3I|GGYGJCFIYJVWIP-UHFFFAOYSA-N|InChI=1S/C2H6N2.HI/c1-2(3)4;/h1H3,(H3,3,4);1H	Chemical_Name|Molecular_Formula|SMILES|Abbreviation|InChIKey|InChI	catalog|reference
Filter Plate well#: A2	model	false			
Ethane-1,2-diammonium bromide	model	true	C2H10Br2N2|BCQZYUOYVLJOPE-UHFFFAOYSA-N|InChI=1S/C2H8N2.2BrH/c3-1-2-4;;/h1-4H2;2*1H|EthylenediamineDihydrobromide|C(C[NH3+])[NH3+].[Br-].[Br-]|Ethane-1,2-diammonium bromide	Molecular_Formula|InChIKey|InChI|Abbreviation|SMILES|Chemical_Name	catalog|reference
4-Fluoro-Phenethylammonium iodide	model	true	C1(=CC=C(C=C1)F)CC[NH3+].[I-]|NOHLSFNWSBZSBW-UHFFFAOYSA-N|4FluoroPhenethylammoniumIodide|4-Fluoro-Phenethylammonium iodide|InChI=1S/C8H10FN.HI/c9-8-3-1-7(2-4-8)5-6-10;/h1-4H,5-6,10H2;1H|C8H11FIN	SMILES|InChIKey|Abbreviation|Chemical_Name|InChI|Molecular_Formula	catalog|reference
96 Well Plate well#: F4	model	false			
96 Well Plate well#: B11	model	false			
96 Well Plate well#: E12	model	false			
4-Trifluoromethyl-Phenylammonium Bromide	model	true	4-Trifluoromethyl-Phenylammonium Bromide|YDUCBKSFOWFMMQ-UHFFFAOYSA-N|InChI=1S/C7H6F3N.BrH/c8-7(9,10)5-1-3-6(11)4-2-5;/h1-4H,11H2;1H|4TrifluoromethylPhenylammoniumBromide|C7H7BrF3N|C1(=CC=C(C=C1)C(F)(F)F)[NH3+].[Br-]	Chemical_Name|InChIKey|InChI|Abbreviation|Molecular_Formula|SMILES	catalog|reference
N,N-Dimethylethane-1,2-diammonium bromide	model	true	N,N-Dimethylethane-1,2-diammonium bromide|NNDimethylethaneDiammoniumBromide|C4H14Br2N2|CC[NH+](CC)CC[NH3+].[Br-].[Br-]|InChI=1S/C4H12N2.2BrH/c1-6(2)4-3-5;;/h3-5H2,1-2H3;2*1H|MDXXRKKHSWLPQO-UHFFFAOYSA-N	Chemical_Name|Abbreviation|Molecular_Formula|SMILES|InChI|InChIKey	catalog|reference
Plate: 96 Well	model	true			
Filter Plate well#: A3	model	false			
Lead(II) acetate trihydrate	model	true	MCEUZMYFCCOOQO-UHFFFAOYSA-L|InChI=1S/2C2H4O2.3H2O.Pb/c2*1-2(3)4;;;;/h2*1H3,(H,3,4);3*1H2;/q;;;;;+2/p-2|LeadAcetate|CC(=O)O[Pb]OC(=O)C.O.O.O|Lead(II) acetate trihydrate|C4H12O7Pb	InChIKey|InChI|Abbreviation|SMILES|Chemical_Name|Molecular_Formula	catalog|reference
96 Well Plate well#: F7	model	false			
96 Well Plate well#: E7	model	false			
2-Pyrrolidin-1-ium-1-ylethylammonium bromide	model	true	2Pyrrolidin1ium1ylethylammoniumbromide|2-Pyrrolidin-1-ium-1-ylethylammonium bromide|FPPIGJMXVSXJPF-UHFFFAOYSA-N|InChI=1S/C6H14N2.2BrH/c7-3-6-8-4-1-2-5-8;;/h1-7H2;2*1H|C6H16Br2N2|[NH3+]CC[NH+]1CCCC1.[Br-].[Br-]	Abbreviation|Chemical_Name|InChIKey|InChI|Molecular_Formula|SMILES	catalog|reference
Anion, AG1-X8	model	true			
Filter Plate well#: A8	model	false			
96 Well Plate well#: B2	model	false			
Plate well#: D5	model	false			
Filter Plate well#: A7	model	false			
n-Dodecylammonium bromide	model	true	n-Dodecylammonium bromide|CCCCCCCCCCCC[NH3+].[Br-]|VZXFEELLBDNLAL-UHFFFAOYSA-N|C12H28BrN|nDodecylammoniumBromide|InChI=1S/C12H27N.BrH/c1-2-3-4-5-6-7-8-9-10-11-12-13;/h2-13H2,1H3;1H	Chemical_Name|SMILES|InChIKey|Molecular_Formula|Abbreviation|InChI	catalog|reference
96 Well Plate well#: B10	model	false			
Plate well#: C3	model	false			
Filter Plate well#: D8	model	false			
Filter Plate well#: F6	model	false			
96 Well Plate well#: A7	model	false			stock solution|human prepared
Filter Plate well#: C1	model	false			stock solution|human prepared
Plate well#: C6	model	false			
tert-Octylammonium bromide	model	true	GDLPVSVSDKCFKN-UHFFFAOYSA-N|CC(C)(C)CC(C)(C)[NH3+].[Br-]|InChI=1S/C8H19N.BrH/c1-7(2,3)6-8(4,5)9;/h6,9H2,1-5H3;1H|tert-Octylammonium bromide|TOctylammoniumBromide	InChIKey|SMILES|InChI|Chemical_Name|Abbreviation	catalog|reference
